space_group,sector,h1_coordinates,page,status,certificate,obstruction
2,torsion,,2,killed,,"[1, 0, 0, 0, 0, 0, 0, 0]"
2,free,"[0, 1, 0, 0]",2,killed,,"[0, 1, 0, 0, 0, 0, 0, 0]"
2,free,"[1, 1, 0, 0]",2,killed,,"[1, 1, 0, 0, 0, 0, 0, 0]"
2,free,"[0, 0, 1, 0]",2,killed,,"[0, 0, 1, 0, 0, 0, 0, 0]"
2,free,"[1, 0, 1, 0]",2,killed,,"[1, 0, 1, 0, 0, 0, 0, 0]"
2,free,"[0, 1, 1, 0]",2,killed,,"[0, 1, 1, 0, 0, 0, 0, 0]"
2,free,"[1, 1, 1, 0]",2,killed,,"[1, 1, 1, 0, 0, 0, 0, 0]"
2,free,"[0, 0, 0, 1]",2,killed,,"[0, 0, 0, 1, 0, 0, 0, 0]"
2,free,"[1, 0, 0, 1]",2,killed,,"[1, 0, 0, 1, 0, 0, 0, 0]"
2,free,"[0, 1, 0, 1]",2,killed,,"[0, 1, 0, 1, 0, 0, 0, 0]"
2,free,"[1, 1, 0, 1]",2,killed,,"[1, 1, 0, 1, 0, 0, 0, 0]"
2,free,"[0, 0, 1, 1]",2,killed,,"[0, 0, 1, 1, 0, 0, 0, 0]"
2,free,"[1, 0, 1, 1]",2,killed,,"[1, 0, 1, 1, 0, 0, 0, 0]"
2,free,"[0, 1, 1, 1]",2,killed,,"[0, 1, 1, 1, 0, 0, 0, 0]"
2,free,"[1, 1, 1, 1]",2,killed,,"[1, 1, 1, 1, 0, 0, 0, 0]"
3,free,[1],2,killed,,"[0, 0, 1, 0, 0, 0, 0, 0]"
3,free,[2],4,survives,explicit-full-O5-in-E4-quotient,
5,free,[1],4,survives,explicit-full-O5-in-E4-quotient,
6,torsion,,4,survives,explicit-full-O5-in-E4-quotient,
6,free,"[0, 1]",4,survives,explicit-full-O5-in-E4-quotient,
7,torsion,,4,survives,d2-and-d3-primitives-zero-two-primary-d4-target,
7,free,"[0, 1]",4,survives,d2-and-d3-primitives-zero-two-primary-d4-target,
8,torsion,,4,survives,explicit-full-O5-in-E4-quotient,
8,free,"[0, 1]",4,survives,explicit-full-O5-in-E4-quotient,
9,torsion,,4,survives,d2-and-d3-primitives-zero-two-primary-d4-target,
9,free,"[0, 1]",4,survives,d2-and-d3-primitives-zero-two-primary-d4-target,
10,torsion,,2,killed,,"[0, 1, 1, 0, 0, 0, 0, 0, 0, 0, 0, 0, 0, 0, 0, 0, 0, 0, 0, 0]"
10,free,"[0, 1]",2,killed,,"[0, 0, 0, 0, 0, 1, 0, 0, 1, 0, 0, 0, 0, 0, 0, 0, 0, 0, 0, 0]"
10,free,"[1, 1]",2,killed,,"[0, 1, 1, 0, 0, 1, 0, 0, 1, 0, 0, 0, 0, 0, 0, 0, 0, 0, 0, 0]"
10,free,"[0, 2]",4,survives,explicit-full-O5-in-E4-quotient,
11,torsion,,2,killed,,"[1, 1, 0, 0, 0, 0, 0, 0]"
11,free,"[0, 1]",4,survives,explicit-full-O5-in-E4-quotient,
12,torsion,,2,killed,,"[0, 1, 1, 0, 0, 0, 0, 0, 0, 0, 0, 0]"
12,free,"[0, 1]",2,killed,,"[0, 1, 1, 0, 0, 1, 0, 0, 0, 0, 0, 0]"
12,free,"[1, 1]",2,killed,,"[0, 0, 0, 0, 0, 1, 0, 0, 0, 0, 0, 0]"
12,free,"[0, 2]",4,survives,explicit-full-O5-in-E4-quotient,
13,torsion,,2,killed,,"[0, 1, 0, 0, 0, 0, 0, 0]"
13,free,"[0, 1]",2,killed,,"[0, 0, 0, 1, 0, 1, 0, 0]"
13,free,"[1, 1]",2,killed,,"[0, 1, 0, 1, 0, 1, 0, 0]"
13,free,"[0, 2]",4,survives,explicit-full-O5-in-E4-quotient,
14,torsion,,2,killed,,"[1, 0, 0, 0]"
14,free,"[0, 1]",4,survives,d2-and-d3-primitives-zero-two-primary-d4-target,
15,torsion,,2,killed,,"[0, 1, 0, 0, 0, 0]"
15,free,"[0, 1]",2,killed,,"[0, 0, 1, 0, 0, 0]"
15,free,"[1, 1]",2,killed,,"[0, 1, 1, 0, 0, 0]"
15,free,"[0, 2]",4,survives,explicit-full-O5-in-E4-quotient,
25,torsion,,2,killed,,"[0, 0, 1, 1, 0, 0, 0, 0, 0, 0, 0, 0, 0, 0, 0, 0, 0, 0, 0, 0]"
26,torsion,,2,killed,,"[0, 1, 0, 0, 0, 0, 0, 0]"
27,torsion,,2,killed,,"[1, 1, 0, 0, 0, 0, 0, 0]"
28,torsion,,4,survives,explicit-full-O5-in-E4-quotient,
29,torsion,,4,survives,d2-and-d3-primitives-zero-two-primary-d4-target,
30,torsion,,4,survives,explicit-full-O5-in-E4-quotient,
31,torsion,,4,survives,explicit-full-O5-in-E4-quotient,
32,torsion,,4,survives,explicit-full-O5-in-E4-quotient,
33,torsion,,4,survives,d2-and-d3-primitives-zero-two-primary-d4-target,
34,torsion,,4,survives,explicit-full-O5-in-E4-quotient,
35,torsion,,2,killed,,"[0, 0, 1, 1, 0, 0, 0, 0, 0, 0, 0, 0]"
36,torsion,,2,killed,,"[0, 1, 0, 0]"
37,torsion,,2,killed,,"[1, 1, 0, 0, 0, 0]"
38,torsion,,2,killed,,"[0, 0, 1, 1, 0, 0, 0, 0, 0, 0, 0, 0]"
39,torsion,,2,killed,,"[0, 0, 0, 1, 0, 0, 0, 0]"
40,torsion,,4,survives,explicit-full-O5-in-E4-quotient,
41,torsion,,4,survives,explicit-full-O5-in-E4-quotient,
42,torsion,,2,killed,,"[0, 0, 1, 1, 0, 0, 0, 0, 0]"
43,torsion,,4,survives,explicit-full-O5-in-E4-quotient,
44,torsion,,2,killed,,"[0, 0, 1, 1, 0, 0, 0, 0, 0, 0]"
45,torsion,,2,killed,,"[1, 1, 0, 0]"
46,torsion,,2,killed,,"[1, 0, 1, 0, 0, 0]"
47,torsion,,2,killed,,"[0, 0, 0, 1, 1, 0, 1, 1, 1, 1, 0, 0, 0, 0, 0, 0, 0, 0, 0, 0, 0, 0, 0, 0, 0, 0, 0, 0, 0, 0, 0, 0, 0, 0, 0, 0, 0, 0]"
48,torsion,,2,killed,,"[0, 0, 1, 0, 0, 0, 0, 0, 0, 0, 0, 0]"
49,torsion,,2,killed,,"[0, 0, 0, 0, 0, 1, 1, 0, 0, 0, 0, 0, 0, 0, 0, 0, 0, 0, 0, 0]"
50,torsion,,2,killed,,"[0, 0, 1, 0, 0, 0, 0, 0, 0, 0, 0, 0]"
51,torsion,,2,killed,,"[0, 0, 0, 1, 1, 1, 1, 0, 0, 0, 0, 0, 0, 0, 0, 0, 0, 0, 0, 0]"
52,torsion,,2,killed,,"[0, 0, 1, 0, 0, 0]"
53,torsion,,2,killed,,"[0, 0, 0, 1, 1, 0, 0, 0, 0, 0, 0, 0]"
54,torsion,,2,killed,,"[0, 0, 1, 1, 0, 0, 0, 0]"
55,torsion,,2,killed,,"[0, 0, 1, 0, 1, 0, 0, 0, 0, 0, 0, 0]"
56,torsion,,2,killed,,"[0, 1, 1, 0, 0, 0]"
57,torsion,,2,killed,,"[0, 0, 1, 1, 0, 0, 0, 0]"
58,torsion,,2,killed,,"[0, 0, 0, 1, 0, 0, 0, 0, 0, 0]"
59,torsion,,2,killed,,"[0, 0, 1, 1, 1, 0, 0, 0, 0, 0, 0, 0]"
60,torsion,,2,killed,,"[0, 1, 0, 0]"
61,torsion,,2,killed,,"[1, 0]"
62,torsion,,2,killed,,"[0, 1, 1, 0, 0, 0]"
63,torsion,,2,killed,,"[1, 1, 0, 1, 1, 0, 1, 0, 0, 0, 0, 0]"
64,torsion,,2,killed,,"[1, 1, 1, 1, 1, 0, 1, 0, 0]"
65,torsion,,2,killed,,"[0, 0, 0, 1, 1, 0, 1, 1, 1, 1, 0, 0, 0, 0, 0, 0, 0, 0, 0, 0, 0, 0, 0, 0, 0]"
66,torsion,,2,killed,,"[0, 0, 0, 0, 0, 1, 1, 0, 0, 0, 0, 0, 0, 0, 0]"
67,torsion,,2,killed,,"[0, 0, 0, 1, 1, 1, 1, 1, 0, 1, 0, 0, 0, 0, 0, 0, 0, 0, 0, 0]"
68,torsion,,2,killed,,"[0, 0, 1, 0, 1, 1, 0, 0, 0]"
69,torsion,,2,killed,,"[0, 0, 0, 1, 1, 0, 1, 1, 1, 1, 0, 0, 0, 0, 0, 0, 0, 0, 0, 0, 0]"
70,torsion,,2,killed,,"[0, 0, 1, 0, 0, 0, 0]"
71,torsion,,2,killed,,"[0, 0, 0, 1, 1, 0, 1, 1, 1, 1, 0, 0, 0, 0, 0, 0, 0, 0, 0, 0]"
72,torsion,,2,killed,,"[0, 0, 0, 0, 1, 0, 1, 1, 0, 0, 0, 0]"
73,torsion,,2,killed,,"[1, 0, 1, 0, 0, 1, 0, 0]"
74,torsion,,2,killed,,"[1, 1, 0, 1, 1, 0, 1, 1, 1, 0, 0, 0, 0, 0, 0]"
75,free,[1],2,killed,,"[0, 0, 1, 0, 0, 0]"
75,free,[2],4,survives,explicit-full-O5-in-E4-quotient,
77,free,[1],2,killed,,"[1, 0, 0, 0, 0, 0]"
77,free,[2],4,survives,explicit-full-O5-in-E4-quotient,
79,free,[1],2,killed,,"[0, 1, 0, 0]"
79,free,[2],4,survives,explicit-full-O5-in-E4-quotient,
80,free,[1],4,survives,explicit-full-O5-in-E4-quotient,
81,torsion,,2,killed,,"[1, 0, 0, 0, 0, 0]"
81,free,"[0, 1]",2,killed,,"[0, 0, 1, 0, 0, 0]"
81,free,"[1, 1]",2,killed,,"[1, 0, 1, 0, 0, 0]"
81,free,"[0, 2]",4,survives,explicit-full-O5-in-E4-quotient,
82,torsion,,2,killed,,"[1, 0, 0, 0]"
82,free,"[0, 1]",2,killed,,"[0, 1, 0, 0]"
82,free,"[1, 1]",2,killed,,"[1, 1, 0, 0]"
82,free,"[0, 2]",4,survives,d2-and-d3-primitives-zero-two-primary-d4-target,
83,torsion,,2,killed,,"[0, 1, 1, 0, 0, 0, 0, 0, 0, 0, 0, 0, 0, 0, 0]"
83,free,"[0, 1]",2,killed,,"[0, 0, 0, 0, 0, 1, 0, 0, 0, 1, 0, 0, 0, 0, 0]"
83,free,"[1, 1]",2,killed,,"[0, 1, 1, 0, 0, 1, 0, 0, 0, 1, 0, 0, 0, 0, 0]"
83,free,"[0, 2]",4,survives,explicit-full-O5-in-E4-quotient,
84,torsion,,2,killed,,"[0, 1, 1, 0, 0, 0, 0, 0, 0, 0, 0]"
84,free,"[0, 1]",2,killed,,"[1, 1, 1, 0, 0, 0, 0, 0, 0, 0, 0]"
84,free,"[1, 1]",2,killed,,"[1, 0, 0, 0, 0, 0, 0, 0, 0, 0, 0]"
84,free,"[0, 2]",4,survives,explicit-full-O5-in-E4-quotient,
85,torsion,,2,killed,,"[0, 1, 1, 0, 0, 0]"
85,free,"[0, 1]",2,killed,,"[0, 0, 0, 1, 1, 0]"
85,free,"[1, 1]",2,killed,,"[0, 1, 1, 1, 1, 0]"
85,free,"[0, 2]",4,survives,explicit-full-O5-in-E4-quotient,
86,torsion,,2,killed,,"[1, 1, 1, 0, 0, 0]"
86,free,"[0, 1]",2,killed,,"[0, 1, 1, 0, 0, 0]"
86,free,"[1, 1]",2,killed,,"[1, 0, 0, 0, 0, 0]"
86,free,"[0, 2]",4,survives,explicit-full-O5-in-E4-quotient,
87,torsion,,2,killed,,"[0, 1, 1, 0, 0, 0, 0, 0, 0]"
87,free,"[0, 1]",2,killed,,"[0, 1, 1, 0, 1, 1, 0, 0, 0]"
87,free,"[1, 1]",2,killed,,"[0, 0, 0, 0, 1, 1, 0, 0, 0]"
87,free,"[0, 2]",4,survives,explicit-full-O5-in-E4-quotient,
88,torsion,,2,killed,,"[1, 1, 0, 0]"
88,free,"[0, 1]",2,killed,,"[0, 1, 0, 0]"
88,free,"[1, 1]",2,killed,,"[1, 0, 0, 0]"
88,free,"[0, 2]",4,survives,d2-and-d3-primitives-zero-two-primary-d4-target,
99,torsion,,2,killed,,"[0, 1, 1, 1, 0, 0, 0, 0, 0, 0, 0, 0, 0, 0, 0]"
100,torsion,,2,killed,,"[0, 0, 1, 0, 0, 0, 0]"
101,torsion,,2,killed,,"[0, 1, 1, 0, 0, 0, 0, 0]"
102,torsion,,2,killed,,"[0, 0, 1, 0, 0, 0, 0]"
103,torsion,,2,killed,,"[1, 1, 0, 0, 0, 0]"
104,torsion,,2,killed,,"[0, 1, 0, 0]"
105,torsion,,2,killed,,"[0, 1, 1, 0, 0, 0, 0, 0, 0, 0, 0]"
106,torsion,,2,killed,,"[0, 1, 0, 0]"
107,torsion,,2,killed,,"[0, 1, 1, 1, 0, 0, 0, 0, 0]"
108,torsion,,2,killed,,"[0, 1, 1, 0, 0, 0]"
109,torsion,,2,killed,,"[0, 1, 0, 0, 0]"
110,torsion,,2,killed,,"[1, 0]"
111,torsion,,2,killed,,"[0, 1, 1, 0, 0, 0, 0, 0, 0, 0, 0, 0, 0, 0, 0]"
112,torsion,,2,killed,,"[0, 1, 0, 0, 0, 0, 0, 0, 0, 0, 0]"
113,torsion,,2,killed,,"[0, 1, 0, 0, 0, 0, 0]"
114,torsion,,2,killed,,"[1, 0, 0, 0]"
115,torsion,,2,killed,,"[0, 0, 0, 1, 0, 0, 0, 0, 0, 0, 0, 0, 0, 0, 0]"
116,torsion,,2,killed,,"[0, 0, 1, 0, 0, 0, 0, 0]"
117,torsion,,2,killed,,"[0, 0, 1, 0, 0, 0, 0]"
118,torsion,,2,killed,,"[0, 0, 1, 0, 0, 0, 0]"
119,torsion,,2,killed,,"[0, 0, 0, 1, 0, 0, 0, 0, 0, 0]"
120,torsion,,2,killed,,"[0, 0, 1, 0, 0, 0]"
121,torsion,,2,killed,,"[0, 1, 1, 0, 0, 0, 0, 0, 0]"
122,torsion,,2,killed,,"[0, 1, 0, 0]"
123,torsion,,2,killed,,"[0, 0, 0, 0, 0, 0, 1, 1, 1, 0, 0, 0, 0, 0, 0, 0, 0, 0, 0, 0, 0, 0, 0, 0, 0, 0, 0, 0, 0]"
124,torsion,,2,killed,,"[0, 0, 0, 0, 0, 1, 1, 0, 0, 0, 0, 0, 0, 0, 0]"
125,torsion,,2,killed,,"[0, 1, 0, 0, 0, 0, 0, 1, 0, 0, 0, 0, 0, 0, 0]"
126,torsion,,2,killed,,"[0, 1, 0, 0, 0, 1, 0, 0, 0]"
127,torsion,,2,killed,,"[0, 0, 0, 0, 0, 1, 1, 1, 0, 0, 0, 0, 0, 0, 0, 0]"
128,torsion,,2,killed,,"[0, 0, 0, 1, 0, 1, 0, 0, 0, 0]"
129,torsion,,2,killed,,"[0, 1, 0, 0, 0, 0, 1, 1, 0, 0, 0, 0, 0, 0, 0]"
130,torsion,,2,killed,,"[1, 0, 0, 1, 1, 0]"
131,torsion,,2,killed,,"[0, 0, 0, 0, 0, 1, 1, 1, 0, 0, 0, 0, 0, 0, 0, 0, 0, 0, 0, 0, 0, 0]"
132,torsion,,2,killed,,"[0, 0, 0, 0, 1, 0, 1, 1, 0, 0, 0, 0, 0, 0, 0, 0, 0, 0]"
133,torsion,,2,killed,,"[1, 1, 0, 0, 0, 1, 0, 0, 0]"
134,torsion,,2,killed,,"[0, 1, 0, 0, 0, 0, 0, 1, 0, 0, 0, 0, 0, 0, 0]"
135,torsion,,2,killed,,"[1, 0, 0, 1, 1, 1, 0, 0, 0]"
136,torsion,,2,killed,,"[0, 0, 0, 0, 1, 1, 1, 0, 0, 0, 0, 0, 0]"
137,torsion,,2,killed,,"[0, 1, 0, 1, 0, 1, 0, 0, 0]"
138,torsion,,2,killed,,"[0, 1, 0, 0, 0, 1, 1, 0, 0, 0, 0]"
139,torsion,,2,killed,,"[0, 0, 1, 0, 0, 1, 1, 0, 1, 1, 0, 0, 0, 0, 0, 0, 0, 0, 0]"
140,torsion,,2,killed,,"[0, 0, 1, 1, 0, 1, 1, 0, 0, 0, 0, 0, 0, 0, 0]"
141,torsion,,2,killed,,"[0, 0, 1, 1, 1, 0, 1, 0, 0, 0]"
142,torsion,,2,killed,,"[0, 0, 1, 1, 1, 0]"
147,torsion,,2,killed,,"[1, 0, 0, 0]"
147,free,"[0, 1]",2,killed,,"[0, 1, 0, 0]"
147,free,"[1, 1]",2,killed,,"[1, 1, 0, 0]"
148,torsion,,2,killed,,"[1, 0, 0, 0]"
148,free,"[0, 1]",2,killed,,"[0, 1, 0, 0]"
148,free,"[1, 1]",2,killed,,"[1, 1, 0, 0]"
156,torsion,,4,survives,explicit-full-O5-in-E4-quotient,
157,torsion,,4,survives,explicit-full-O5-in-E4-quotient,
158,torsion,,4,survives,d2-and-d3-primitives-zero-two-primary-d4-target,
159,torsion,,4,survives,d2-and-d3-primitives-zero-two-primary-d4-target,
160,torsion,,4,survives,explicit-full-O5-in-E4-quotient,
161,torsion,,4,survives,d2-and-d3-primitives-zero-two-primary-d4-target,
162,torsion,,2,killed,,"[0, 0, 1, 1, 0, 0, 0, 0, 0, 0]"
163,torsion,,2,killed,,"[0, 1, 0, 0]"
164,torsion,,2,killed,,"[0, 0, 1, 1, 0, 0, 0, 0, 0, 0]"
165,torsion,,2,killed,,"[0, 1, 0, 0]"
166,torsion,,2,killed,,"[0, 0, 1, 1, 0, 0, 0, 0, 0, 0]"
167,torsion,,2,killed,,"[0, 1, 0, 0]"
168,free,[1],2,killed,,"[0, 1, 0, 0]"
168,free,[2],4,survives,explicit-full-O5-in-E4-quotient,
171,free,[1],2,killed,,"[0, 1, 0, 0]"
171,free,[2],4,survives,explicit-full-O5-in-E4-quotient,
172,free,[1],2,killed,,"[0, 1, 0, 0]"
172,free,[2],4,survives,explicit-full-O5-in-E4-quotient,
174,torsion,,4,survives,d2-and-d3-primitives-zero-two-primary-d4-target,
174,free,"[0, 1]",4,survives,d2-and-d3-primitives-zero-two-primary-d4-target,
175,torsion,,2,killed,,"[0, 0, 0, 1, 0, 0, 0, 0, 0, 0]"
175,free,"[0, 1]",2,killed,,"[0, 0, 0, 0, 0, 0, 1, 0, 0, 0]"
175,free,"[1, 1]",2,killed,,"[0, 0, 0, 1, 0, 0, 1, 0, 0, 0]"
175,free,"[0, 2]",4,survives,explicit-full-O5-in-E4-quotient,
176,torsion,,2,killed,,"[0, 1, 0, 0]"
176,free,"[0, 1]",4,survives,d2-and-d3-primitives-zero-two-primary-d4-target,
183,torsion,,2,killed,,"[0, 0, 1, 0, 0, 0, 0, 0, 0, 0]"
184,torsion,,2,killed,,"[1, 1, 0, 0]"
185,torsion,,2,killed,,"[0, 1, 0, 0]"
186,torsion,,2,killed,,"[0, 1, 0, 0]"
187,torsion,,2,killed,,"[0, 0, 1, 0, 0, 0, 0, 0, 0, 0]"
188,torsion,,4,survives,explicit-full-O5-in-E4-quotient,
189,torsion,,2,killed,,"[0, 0, 1, 0, 0, 0, 0, 0, 0, 0]"
190,torsion,,4,survives,explicit-full-O5-in-E4-quotient,
191,torsion,,2,killed,,"[0, 0, 0, 0, 1, 0, 0, 1, 1, 0, 0, 0, 0, 0, 0, 0, 0, 0, 0, 0]"
192,torsion,,2,killed,,"[0, 0, 0, 0, 1, 1, 0, 0, 0, 0]"
193,torsion,,2,killed,,"[0, 1, 0, 1, 1, 0, 0, 0, 0, 0]"
194,torsion,,2,killed,,"[0, 1, 0, 1, 0, 0, 1, 0, 0, 0]"
200,torsion,,2,killed,,"[0, 0, 1, 1, 0, 0, 0, 0, 0, 0, 0, 0, 0, 0]"
201,torsion,,2,killed,,"[0, 0, 1, 0, 0, 0]"
202,torsion,,2,killed,,"[0, 0, 1, 1, 0, 0, 0, 0, 0]"
203,torsion,,2,killed,,"[0, 1, 1, 0, 0]"
204,torsion,,2,killed,,"[0, 0, 1, 1, 0, 0, 0, 0]"
205,torsion,,2,killed,,"[1, 0]"
206,torsion,,2,killed,,"[0, 1, 1, 0]"
215,torsion,,2,killed,,"[0, 1, 0, 0, 0, 0, 0, 0, 0]"
216,torsion,,2,killed,,"[0, 1, 0, 0, 0, 0, 0, 0]"
217,torsion,,2,killed,,"[0, 1, 0, 0, 0, 0]"
218,torsion,,2,killed,,"[1, 0, 0, 0, 0]"
219,torsion,,2,killed,,"[1, 0, 0, 0]"
220,torsion,,2,killed,,"[1, 0]"
221,torsion,,2,killed,,"[0, 0, 0, 1, 1, 0, 1, 0, 0, 0, 0, 0, 0, 0, 0, 0, 0]"
222,torsion,,2,killed,,"[0, 0, 0, 1, 1, 0]"
223,torsion,,2,killed,,"[0, 0, 0, 1, 1, 0, 0, 0, 0, 0]"
224,torsion,,2,killed,,"[0, 0, 0, 1, 1, 0, 1, 0, 0, 0, 0, 0]"
225,torsion,,2,killed,,"[0, 0, 0, 1, 1, 0, 1, 0, 0, 0, 0, 0, 0]"
226,torsion,,2,killed,,"[0, 0, 0, 1, 0, 1, 0, 0, 0]"
227,torsion,,2,killed,,"[0, 0, 0, 1, 0, 1, 0, 0, 0]"
228,torsion,,2,killed,,"[0, 1, 0, 0, 1]"
229,torsion,,2,killed,,"[0, 0, 0, 1, 1, 0, 1, 0, 0, 0, 0, 0, 0]"
230,torsion,,2,killed,,"[0, 0, 1, 1]"
