space_group,crystalline_spin,physical_convention,effective_sign,effective_omega,background_gauge,formula_convention,pip,majorana,complex_fermion,bosonic,full_invariants,invariant_options,audit_kind,free_lattice_index,h0_incoming_order,actual_marked_witnesses,missing_evidence,result_sha256,source_id
1,spinless,physical-spinless-det-sign-Pin-minus,w1(V)=determinant-parity,w2(V)+w1(V)^2,zero,normalized-pip-aw-edge-transport-v2,"[0, 0, 0]","[2, 2, 2]",[2],[],"[0, 0, 0, 2, 2, 2, 2]",,gauge-zero-complete-marked-stacking,1,,True,[],895d7a77209dc543a0cb1e24c39d1e668140fa5cba6715e2eea81e6bb0e1de41,73e7bae91a1c02156431ddc1c072c06d32517e287b5aa6314203f416cff1b252
2,spinless,physical-spinless-det-sign-Pin-minus,w1(V)=determinant-parity,w2(V)+w1(V)^2,zero,normalized-pip-aw-edge-transport-v2,"[0, 0, 0]",[],"[2, 2, 2, 2]",[2],"[0, 0, 0, 2, 2, 2, 2, 2]",,gauge-zero-complete-marked-stacking,8,,True,[],9b678cea1c24636e6300cd2977f3dde0cc36bced7edad220cd0e8c23dee89291,73e7bae91a1c02156431ddc1c072c06d32517e287b5aa6314203f416cff1b252
3,spinless,physical-spinless-det-sign-Pin-minus,w1(V)=determinant-parity,w2(V)+w1(V)^2,nonzero,normalized-pip-aw-edge-transport-v2,[0],"[2, 2, 2]","[2, 2, 2, 2]",[2],"[0, 2, 2, 2, 2, 2, 2, 2, 2]",,nonzero-background-complete-lower-stacking,2,2,True,[],63fd99f84e63f02750d04d9407a48d91fcad0ebc0d78edad9b8ec848c64d4790,73e7bae91a1c02156431ddc1c072c06d32517e287b5aa6314203f416cff1b252
4,spinless,physical-spinless-det-sign-Pin-minus,w1(V)=determinant-parity,w2(V)+w1(V)^2,zero,normalized-pip-aw-edge-transport-v2,[0],"[2, 2, 2]",[2],[],"[0, 2, 2, 2, 2]",,gauge-zero-complete-marked-stacking,1,,True,[],700dac85efc5b42a613a0342b749f98742e10e9d0353579017bde87a8284d701,73e7bae91a1c02156431ddc1c072c06d32517e287b5aa6314203f416cff1b252
5,spinless,physical-spinless-det-sign-Pin-minus,w1(V)=determinant-parity,w2(V)+w1(V)^2,nonzero,normalized-pip-aw-edge-transport-v2,[0],"[2, 2]","[2, 2]",[2],"[0, 2, 2, 2, 2, 2]",,nonzero-background-complete-lower-stacking,1,2,True,[],d418fcb17affa7f2c8676a896ba63d9fa8a7433fd058944cd439e980faad8dcd,73e7bae91a1c02156431ddc1c072c06d32517e287b5aa6314203f416cff1b252
6,spinless,physical-spinless-det-sign-Pin-minus,w1(V)=determinant-parity,w2(V)+w1(V)^2,nonzero,normalized-pip-aw-edge-transport-v2,"[0, 2]","[2, 2, 2, 2, 2, 2]","[2, 2, 2, 2, 2, 2]","[2, 2, 2]","[0, 2, 2, 2, 2, 2, 2, 2, 2, 2, 8, 16]","[[0, 2, 2, 2, 2, 2, 2, 2, 2, 2, 8, 16]]",abstract-upper-family-single-group,1,,False,[],460c7f012d7cb2a659cb9d89f8401fe21cd4fcdad802d501f1d682ddc0c65433,73e7bae91a1c02156431ddc1c072c06d32517e287b5aa6314203f416cff1b252
7,spinless,physical-spinless-det-sign-Pin-minus,w1(V)=determinant-parity,w2(V)+w1(V)^2,zero,normalized-pip-aw-edge-transport-v2,"[0, 2]","[2, 2, 2]",[2],[],"[0, 2, 2, 2, 2, 2]",,gauge-zero-complete-marked-stacking,1,,True,[],bbbd31b3aa6a6963afbb3100a151e6d80212885f386c0098a7ad4778b3434981,73e7bae91a1c02156431ddc1c072c06d32517e287b5aa6314203f416cff1b252
8,spinless,physical-spinless-det-sign-Pin-minus,w1(V)=determinant-parity,w2(V)+w1(V)^2,nonzero,normalized-pip-aw-edge-transport-v2,"[0, 2]","[2, 2, 2, 2]","[2, 2, 2]","[2, 2]","[0, 2, 2, 2, 2, 2, 2, 16]","[[0, 2, 2, 2, 2, 2, 2, 16]]",abstract-upper-family-single-group,1,,False,[],bae08cd7b9a13b92078c2bc08c7afee6ce45185d71f78ca98458b72754ad6ff8,73e7bae91a1c02156431ddc1c072c06d32517e287b5aa6314203f416cff1b252
9,spinless,physical-spinless-det-sign-Pin-minus,w1(V)=determinant-parity,w2(V)+w1(V)^2,zero,normalized-pip-aw-edge-transport-v2,"[0, 2]","[2, 2]",[2],[],"[0, 2, 2, 2, 2]",,gauge-zero-complete-marked-stacking,1,,True,[],82794284e7e01cb99e8c66c6d62218ff0e065158a006e824c896d12b88014c52,73e7bae91a1c02156431ddc1c072c06d32517e287b5aa6314203f416cff1b252
10,spinless,physical-spinless-det-sign-Pin-minus,w1(V)=determinant-parity,w2(V)+w1(V)^2,nonzero,normalized-pip-aw-edge-transport-v2,[0],[2],"[2, 2, 2, 2, 2, 2, 2, 2]","[2, 2, 2, 2, 2, 2, 2]","[0, 2, 2, 2, 2, 2, 2, 2, 2, 2, 2, 2, 4, 8]",,nonzero-background-complete-lower-stacking,2,,True,[],a071b9b84299a001ce72b8ba1e16e87895983c69c1a360c6b553b65a4e1b8942,73e7bae91a1c02156431ddc1c072c06d32517e287b5aa6314203f416cff1b252
11,spinless,physical-spinless-det-sign-Pin-minus,w1(V)=determinant-parity,w2(V)+w1(V)^2,nonzero,normalized-pip-aw-edge-transport-v2,[0],"[2, 2, 2]","[2, 2, 2, 2, 2]","[2, 2]","[0, 2, 2, 2, 2, 2, 2, 2, 8]",,nonzero-background-complete-lower-stacking,1,,True,[],cb1cb70702c84d0cff773980b32af70aeecfc9d4be54375817b0d9434e3c2066,73e7bae91a1c02156431ddc1c072c06d32517e287b5aa6314203f416cff1b252
12,spinless,physical-spinless-det-sign-Pin-minus,w1(V)=determinant-parity,w2(V)+w1(V)^2,nonzero,normalized-pip-aw-edge-transport-v2,[0],[2],"[2, 2, 2, 2, 2]","[2, 2, 2, 2]","[0, 2, 2, 2, 2, 2, 2, 2, 8]",,nonzero-background-complete-lower-stacking,2,,True,[],b591d705d72e2165c5dc5296f5ed9fedd1a058b3d14750f3451d22728e6a4504,73e7bae91a1c02156431ddc1c072c06d32517e287b5aa6314203f416cff1b252
13,spinless,physical-spinless-det-sign-Pin-minus,w1(V)=determinant-parity,w2(V)+w1(V)^2,nonzero,normalized-pip-aw-edge-transport-v2,[0],"[2, 2]","[2, 2, 2, 2]",[2],"[0, 2, 2, 2, 2, 2, 2, 2]",,nonzero-background-complete-lower-stacking,2,,True,[],f0e92fb35d8691d2490f37543e3351169c889ed101a114020e0b8cef06c62d91,73e7bae91a1c02156431ddc1c072c06d32517e287b5aa6314203f416cff1b252
14,spinless,physical-spinless-det-sign-Pin-minus,w1(V)=determinant-parity,w2(V)+w1(V)^2,zero,normalized-pip-aw-edge-transport-v2,[0],[2],"[2, 2]",[2],"[0, 2, 2, 2, 2]",,gauge-zero-complete-marked-stacking,1,,True,[],4504ae6d90e835db68e4674f85f3a8004450e4bb31c60ef8c4b6319ffee5774b,73e7bae91a1c02156431ddc1c072c06d32517e287b5aa6314203f416cff1b252
15,spinless,physical-spinless-det-sign-Pin-minus,w1(V)=determinant-parity,w2(V)+w1(V)^2,nonzero,normalized-pip-aw-edge-transport-v2,[0],[2],"[2, 2, 2]",[2],"[0, 2, 2, 2, 2, 2]",,nonzero-background-complete-lower-stacking,2,,True,[],e9e06897067189eefb957924b10b918b8a4a5bc68a0bf70a006ec8deca4e31e7,73e7bae91a1c02156431ddc1c072c06d32517e287b5aa6314203f416cff1b252
16,spinless,physical-spinless-det-sign-Pin-minus,w1(V)=determinant-parity,w2(V)+w1(V)^2,nonzero,normalized-pip-aw-edge-transport-v2,[],[],"[2, 2, 2, 2, 2, 2, 2]","[2, 2, 2, 2, 2]","[2, 2, 2, 2, 2, 2, 2, 2, 2, 2, 2, 2]",,nonzero-background-complete-lower-stacking,,4,True,[],67b61516aae032a65fa4f9116b43581dd355cba1badf74be36c0d27c2dec68e4,73e7bae91a1c02156431ddc1c072c06d32517e287b5aa6314203f416cff1b252
17,spinless,physical-spinless-det-sign-Pin-minus,w1(V)=determinant-parity,w2(V)+w1(V)^2,nonzero,normalized-pip-aw-edge-transport-v2,[],"[2, 2, 2]","[2, 2, 2, 2]",[2],"[2, 2, 2, 2, 2, 2, 2, 2]",,nonzero-background-complete-lower-stacking,,2,True,[],103cd158e07507b7b691bc6844ff112609002113a3d6869f005450d1c71a6382,73e7bae91a1c02156431ddc1c072c06d32517e287b5aa6314203f416cff1b252
18,spinless,physical-spinless-det-sign-Pin-minus,w1(V)=determinant-parity,w2(V)+w1(V)^2,nonzero,normalized-pip-aw-edge-transport-v2,[],"[2, 2]","[2, 2]",[2],"[2, 2, 2, 2, 2]",,nonzero-background-complete-lower-stacking,,2,True,[],6d74669c5b15c5975e79e3743d04bc88fe4c0181ddea1f374f1d739b03dc3a6b,73e7bae91a1c02156431ddc1c072c06d32517e287b5aa6314203f416cff1b252
19,spinless,physical-spinless-det-sign-Pin-minus,w1(V)=determinant-parity,w2(V)+w1(V)^2,zero,normalized-pip-aw-edge-transport-v2,[],"[2, 2]",[2],[],"[2, 2, 2]",,gauge-zero-complete-marked-stacking,,,True,[],08419e1f839b3ec61a883325e95818ff5e4ddc95582b0f5e7fa5916464c0be7a,73e7bae91a1c02156431ddc1c072c06d32517e287b5aa6314203f416cff1b252
20,spinless,physical-spinless-det-sign-Pin-minus,w1(V)=determinant-parity,w2(V)+w1(V)^2,nonzero,normalized-pip-aw-edge-transport-v2,[],"[2, 2]","[2, 2]",[2],"[2, 2, 2, 2, 2]",,nonzero-background-complete-lower-stacking,,2,True,[],1ef275a661aa3c543296e82ec45cc8cdad8bc882c30838c948bef93b913ba3ee,73e7bae91a1c02156431ddc1c072c06d32517e287b5aa6314203f416cff1b252
21,spinless,physical-spinless-det-sign-Pin-minus,w1(V)=determinant-parity,w2(V)+w1(V)^2,nonzero,normalized-pip-aw-edge-transport-v2,[],[2],"[2, 2, 2, 2]","[2, 2, 2]","[2, 2, 2, 2, 2, 2, 2, 2]",,nonzero-background-complete-lower-stacking,,4,True,[],1b191abb9e3f2974ed970547a98aab719d9450f0c0711156cd0376203f9d71e9,73e7bae91a1c02156431ddc1c072c06d32517e287b5aa6314203f416cff1b252
22,spinless,physical-spinless-det-sign-Pin-minus,w1(V)=determinant-parity,w2(V)+w1(V)^2,nonzero,normalized-pip-aw-edge-transport-v2,[],[2],"[2, 2, 2]","[2, 2, 2, 2]","[2, 2, 2, 2, 2, 2, 4]",,nonzero-background-complete-lower-stacking,,4,True,[],a309fe87e2f7b752a909730c90d2e8a19994f9d017aa5a805b64ddffd1a866ea,73e7bae91a1c02156431ddc1c072c06d32517e287b5aa6314203f416cff1b252
23,spinless,physical-spinless-det-sign-Pin-minus,w1(V)=determinant-parity,w2(V)+w1(V)^2,nonzero,normalized-pip-aw-edge-transport-v2,[],[],"[2, 2, 2, 2]","[2, 2]","[2, 2, 2, 2, 2, 2]",,nonzero-background-complete-lower-stacking,,4,True,[],1a5176cb942fcf11a04e1ad973a2de57b366df63c297ad6206dd7cc454158864,73e7bae91a1c02156431ddc1c072c06d32517e287b5aa6314203f416cff1b252
24,spinless,physical-spinless-det-sign-Pin-minus,w1(V)=determinant-parity,w2(V)+w1(V)^2,nonzero,normalized-pip-aw-edge-transport-v2,[],"[2, 2]","[2, 2, 2]",[2],"[2, 2, 2, 2, 2, 2]",,nonzero-background-complete-lower-stacking,,2,True,[],94a63bdeb491d3557cac697b65616ec41bc529543783dfe55d8a4c48522f9e01,73e7bae91a1c02156431ddc1c072c06d32517e287b5aa6314203f416cff1b252
25,spinless,physical-spinless-det-sign-Pin-minus,w1(V)=determinant-parity,w2(V)+w1(V)^2,nonzero,normalized-pip-aw-edge-transport-v2,[],"[2, 2, 2, 2]","[2, 2, 2, 2, 2, 2, 2, 2]","[2, 2, 2, 2, 2, 2, 2, 2, 2]","[2, 2, 2, 2, 2, 2, 2, 2, 2, 2, 2, 2, 2, 2, 2, 2, 2, 2, 2, 2, 2]",,nonzero-background-complete-lower-stacking,,,True,[],29d8de6f43f7874e29c9f04f71ea7f40b95b57d99f8601bf20f225966fa3bd3e,73e7bae91a1c02156431ddc1c072c06d32517e287b5aa6314203f416cff1b252
26,spinless,physical-spinless-det-sign-Pin-minus,w1(V)=determinant-parity,w2(V)+w1(V)^2,nonzero,normalized-pip-aw-edge-transport-v2,[],"[2, 2, 2, 2]","[2, 2, 2, 2]","[2, 2, 2]","[2, 2, 2, 2, 2, 2, 2, 2, 2, 2, 2]",,nonzero-background-complete-lower-stacking,,,True,[],33fe07c3ce8b61903041d529b660f078ebdc3aec665424c5e56151a282919950,73e7bae91a1c02156431ddc1c072c06d32517e287b5aa6314203f416cff1b252
27,spinless,physical-spinless-det-sign-Pin-minus,w1(V)=determinant-parity,w2(V)+w1(V)^2,nonzero,normalized-pip-aw-edge-transport-v2,[],"[2, 2, 2, 2]","[2, 2, 2, 2]",[2],"[2, 2, 2, 2, 2, 2, 2, 2, 2]",,nonzero-background-complete-lower-stacking,,,True,[],cc4d43e6f310e7fde2ab240b8e2db7efd2dcf27e5be6120eecfeb216e1ac31c5,73e7bae91a1c02156431ddc1c072c06d32517e287b5aa6314203f416cff1b252
28,spinless,physical-spinless-det-sign-Pin-minus,w1(V)=determinant-parity,w2(V)+w1(V)^2,nonzero,normalized-pip-aw-edge-transport-v2,[2],"[2, 2, 2, 2, 2]","[2, 2, 2, 2, 2]","[2, 2]","[2, 2, 2, 2, 2, 2, 2, 2, 2, 16]","[[2, 2, 2, 2, 2, 2, 2, 2, 2, 16]]",abstract-upper-family-single-group,,,False,[],2f26e691504f76a54b0a523b8bd7e5b1906978ddb0269bd58035cb2f68a74f96,73e7bae91a1c02156431ddc1c072c06d32517e287b5aa6314203f416cff1b252
29,spinless,physical-spinless-det-sign-Pin-minus,w1(V)=determinant-parity,w2(V)+w1(V)^2,zero,normalized-pip-aw-edge-transport-v2,[2],"[2, 2, 2]",[2],[],"[2, 2, 2, 2, 2]",,gauge-zero-complete-marked-stacking,,,True,[],ecddfe08ca43ba956ab34111f5b7d1e222df3e588874818653113fd1a0a31da7,73e7bae91a1c02156431ddc1c072c06d32517e287b5aa6314203f416cff1b252
30,spinless,physical-spinless-det-sign-Pin-minus,w1(V)=determinant-parity,w2(V)+w1(V)^2,nonzero,normalized-pip-aw-edge-transport-v2,[2],"[2, 2, 2]","[2, 2]",[2],"[2, 2, 2, 2, 2, 4]","[[2, 2, 2, 2, 2, 4]]",abstract-upper-family-single-group,,,False,[],8619c1e070ef0854cccae143005e128ebc1a9f444da1a909fb9ea3b227953a57,73e7bae91a1c02156431ddc1c072c06d32517e287b5aa6314203f416cff1b252
31,spinless,physical-spinless-det-sign-Pin-minus,w1(V)=determinant-parity,w2(V)+w1(V)^2,nonzero,normalized-pip-aw-edge-transport-v2,[2],"[2, 2, 2, 2]","[2, 2, 2]","[2, 2]","[2, 2, 2, 2, 2, 2, 16]","[[2, 2, 2, 2, 2, 2, 16]]",abstract-upper-family-single-group,,,False,[],8facd6ecdd5806eef7e2e76b810a3db34c21fc5a6de256924904d5ed3c587bd4,73e7bae91a1c02156431ddc1c072c06d32517e287b5aa6314203f416cff1b252
32,spinless,physical-spinless-det-sign-Pin-minus,w1(V)=determinant-parity,w2(V)+w1(V)^2,nonzero,normalized-pip-aw-edge-transport-v2,[2],"[2, 2, 2]","[2, 2]",[2],"[2, 2, 2, 2, 2, 4]","[[2, 2, 2, 2, 2, 4]]",abstract-upper-family-single-group,,,False,[],b9fec2079559dba81fc7bbe1365378b11e773bdc033d6667986f114013e358b8,73e7bae91a1c02156431ddc1c072c06d32517e287b5aa6314203f416cff1b252
33,spinless,physical-spinless-det-sign-Pin-minus,w1(V)=determinant-parity,w2(V)+w1(V)^2,zero,normalized-pip-aw-edge-transport-v2,[2],"[2, 2]",[2],[],"[2, 2, 2, 2]",,gauge-zero-complete-marked-stacking,,,True,[],7f30e02d28d591b7e2435b653a82337ce0a153f0008a6b1616b0388e4154feeb,73e7bae91a1c02156431ddc1c072c06d32517e287b5aa6314203f416cff1b252
34,spinless,physical-spinless-det-sign-Pin-minus,w1(V)=determinant-parity,w2(V)+w1(V)^2,nonzero,normalized-pip-aw-edge-transport-v2,[2],"[2, 2, 2]","[2, 2]",[2],"[2, 2, 2, 2, 2, 4]","[[2, 2, 2, 2, 2, 4]]",abstract-upper-family-single-group,,,False,[],214150d042a192c714dad7abc2a3f3ea95e0853e94d37396afb8af1d333cc757,73e7bae91a1c02156431ddc1c072c06d32517e287b5aa6314203f416cff1b252
35,spinless,physical-spinless-det-sign-Pin-minus,w1(V)=determinant-parity,w2(V)+w1(V)^2,nonzero,normalized-pip-aw-edge-transport-v2,[],"[2, 2, 2]","[2, 2, 2, 2, 2]","[2, 2, 2, 2, 2]","[2, 2, 2, 2, 2, 2, 2, 2, 2, 2, 2, 2, 2]",,nonzero-background-complete-lower-stacking,,,True,[],b44c5a773bd125a456354bb57ff6550ae8b2063e57761741dee449eef41abbf6,73e7bae91a1c02156431ddc1c072c06d32517e287b5aa6314203f416cff1b252
36,spinless,physical-spinless-det-sign-Pin-minus,w1(V)=determinant-parity,w2(V)+w1(V)^2,nonzero,normalized-pip-aw-edge-transport-v2,[],"[2, 2, 2]","[2, 2]","[2, 2]","[2, 2, 2, 2, 2, 2, 2]",,nonzero-background-complete-lower-stacking,,,True,[],51f5d40bb1f25317464d679449e8ce49fc448a913f38201cf9a1e0d0f4b270e2,73e7bae91a1c02156431ddc1c072c06d32517e287b5aa6314203f416cff1b252
37,spinless,physical-spinless-det-sign-Pin-minus,w1(V)=determinant-parity,w2(V)+w1(V)^2,nonzero,normalized-pip-aw-edge-transport-v2,[],"[2, 2, 2]","[2, 2, 2]",[2],"[2, 2, 2, 2, 2, 2, 2]",,nonzero-background-complete-lower-stacking,,,True,[],9ae72d0d88222efdb945dd6b010cfc8c47f23135884268b1c25a987a37d83612,73e7bae91a1c02156431ddc1c072c06d32517e287b5aa6314203f416cff1b252
38,spinless,physical-spinless-det-sign-Pin-minus,w1(V)=determinant-parity,w2(V)+w1(V)^2,nonzero,normalized-pip-aw-edge-transport-v2,[],"[2, 2, 2, 2]","[2, 2, 2, 2]","[2, 2, 2, 2, 2, 2]","[2, 2, 2, 2, 2, 2, 2, 2, 2, 2, 2, 2, 2, 2]",,nonzero-background-complete-lower-stacking,,,True,[],e1d88d6da6269458df631ac4e227b6683baa2123cdb47454883468fad21d2ceb,73e7bae91a1c02156431ddc1c072c06d32517e287b5aa6314203f416cff1b252
39,spinless,physical-spinless-det-sign-Pin-minus,w1(V)=determinant-parity,w2(V)+w1(V)^2,nonzero,normalized-pip-aw-edge-transport-v2,[],"[2, 2, 2, 2]","[2, 2, 2, 2]","[2, 2]","[2, 2, 2, 2, 2, 2, 2, 2, 2, 2]",,nonzero-background-complete-lower-stacking,,,True,[],095cdf36fc3b75dbf19944c5a61063e672f4f4e61bc9147b5b55532bd8cfea21,73e7bae91a1c02156431ddc1c072c06d32517e287b5aa6314203f416cff1b252
40,spinless,physical-spinless-det-sign-Pin-minus,w1(V)=determinant-parity,w2(V)+w1(V)^2,nonzero,normalized-pip-aw-edge-transport-v2,[2],"[2, 2, 2, 2]","[2, 2, 2, 2]","[2, 2]","[2, 2, 2, 2, 2, 2, 2, 16]","[[2, 2, 2, 2, 2, 2, 2, 16]]",abstract-upper-family-single-group,,,False,[],b4cd2d4c49064caaadfd81dac3315e73bd3b9ebad53ca5ef7eb22c51e69a3ecc,73e7bae91a1c02156431ddc1c072c06d32517e287b5aa6314203f416cff1b252
41,spinless,physical-spinless-det-sign-Pin-minus,w1(V)=determinant-parity,w2(V)+w1(V)^2,nonzero,normalized-pip-aw-edge-transport-v2,[2],"[2, 2, 2]",[2],[2],"[2, 2, 2, 2, 4]","[[2, 2, 2, 2, 4]]",abstract-upper-family-single-group,,,False,[],4af165614b3d4e86e934261e238695342ccf0dca73a76624dcba992bd89cf96b,73e7bae91a1c02156431ddc1c072c06d32517e287b5aa6314203f416cff1b252
42,spinless,physical-spinless-det-sign-Pin-minus,w1(V)=determinant-parity,w2(V)+w1(V)^2,nonzero,normalized-pip-aw-edge-transport-v2,[],"[2, 2, 2, 2]","[2, 2, 2]","[2, 2, 2, 2]","[2, 2, 2, 2, 2, 2, 2, 2, 2, 2, 2]",,nonzero-background-complete-lower-stacking,,,True,[],6d3d7ec88fcbc1b7474c0841cc4dac657a4007da483d72d736cd0ea792542867,73e7bae91a1c02156431ddc1c072c06d32517e287b5aa6314203f416cff1b252
43,spinless,physical-spinless-det-sign-Pin-minus,w1(V)=determinant-parity,w2(V)+w1(V)^2,nonzero,normalized-pip-aw-edge-transport-v2,[2],"[2, 2]",[2],[2],"[2, 2, 2, 4]","[[2, 2, 2, 4]]",abstract-upper-family-single-group,,,False,[],f16f2c15cb1ebc8c89f0422a4116ee1d0e33a5c9e3e91776a87697cf8e0bab1b,73e7bae91a1c02156431ddc1c072c06d32517e287b5aa6314203f416cff1b252
44,spinless,physical-spinless-det-sign-Pin-minus,w1(V)=determinant-parity,w2(V)+w1(V)^2,nonzero,normalized-pip-aw-edge-transport-v2,[],"[2, 2]","[2, 2, 2, 2, 2]","[2, 2, 2, 2]","[2, 2, 2, 2, 2, 2, 2, 2, 2, 2, 2]",,nonzero-background-complete-lower-stacking,,,True,[],32c0e012bd7a3a946c80741b921075c328269cc676db4e878f19ac15d1a28dd7,73e7bae91a1c02156431ddc1c072c06d32517e287b5aa6314203f416cff1b252
45,spinless,physical-spinless-det-sign-Pin-minus,w1(V)=determinant-parity,w2(V)+w1(V)^2,nonzero,normalized-pip-aw-edge-transport-v2,[],"[2, 2, 2]","[2, 2]",[2],"[2, 2, 2, 2, 2, 2]",,nonzero-background-complete-lower-stacking,,,True,[],af5cda0ba47c8afdd25f59d5a22cef08c2414b9d940ba42de3a14151cf593f19,73e7bae91a1c02156431ddc1c072c06d32517e287b5aa6314203f416cff1b252
46,spinless,physical-spinless-det-sign-Pin-minus,w1(V)=determinant-parity,w2(V)+w1(V)^2,nonzero,normalized-pip-aw-edge-transport-v2,[],"[2, 2, 2]","[2, 2, 2]","[2, 2]","[2, 2, 2, 2, 2, 2, 2, 2]",,nonzero-background-complete-lower-stacking,,,True,[],77c4f227dd01351ff24e0eacf3066bc22b6c0e61de71652146b08a9ee64a72db,73e7bae91a1c02156431ddc1c072c06d32517e287b5aa6314203f416cff1b252
47,spinless,physical-spinless-det-sign-Pin-minus,w1(V)=determinant-parity,w2(V)+w1(V)^2,nonzero,normalized-pip-aw-edge-transport-v2,[],[],"[2, 2, 2, 2, 2, 2, 2, 2]","[2, 2, 2, 2, 2, 2, 2, 2, 2, 2, 2, 2, 2, 2, 2, 2, 2, 2, 2, 2, 2, 2, 2, 2, 2]","[2, 2, 2, 2, 2, 2, 2, 2, 2, 2, 2, 2, 2, 2, 2, 2, 2, 2, 2, 2, 2, 2, 2, 2, 2, 2, 2, 2, 2, 2, 2, 2, 2]",,nonzero-background-complete-lower-stacking,,,True,[],f41da4cbd1b1296c335d3679e00050244b2493250ffbf273aa26327146c741ee,73e7bae91a1c02156431ddc1c072c06d32517e287b5aa6314203f416cff1b252
48,spinless,physical-spinless-det-sign-Pin-minus,w1(V)=determinant-parity,w2(V)+w1(V)^2,nonzero,normalized-pip-aw-edge-transport-v2,[],[2],"[2, 2, 2, 2, 2]","[2, 2, 2]","[2, 2, 2, 2, 2, 2, 2, 4]",,nonzero-background-complete-lower-stacking,,,True,[],593c0f0deea8671f5a27a8029fa6b8eab7c988826aa3a085a4a54db6d02a73c8,73e7bae91a1c02156431ddc1c072c06d32517e287b5aa6314203f416cff1b252
49,spinless,physical-spinless-det-sign-Pin-minus,w1(V)=determinant-parity,w2(V)+w1(V)^2,nonzero,normalized-pip-aw-edge-transport-v2,[],[2],"[2, 2, 2, 2, 2, 2, 2, 2]","[2, 2, 2, 2, 2, 2]","[2, 2, 2, 2, 2, 2, 2, 2, 2, 2, 2, 2, 8]",,nonzero-background-complete-lower-stacking,,,True,[],81f40298e64def9bc6e645e7a08703d8d5eb71310b55cce260cfb0fc4fc6e632,73e7bae91a1c02156431ddc1c072c06d32517e287b5aa6314203f416cff1b252
50,spinless,physical-spinless-det-sign-Pin-minus,w1(V)=determinant-parity,w2(V)+w1(V)^2,nonzero,normalized-pip-aw-edge-transport-v2,[],[2],"[2, 2, 2, 2, 2]","[2, 2, 2]","[2, 2, 2, 2, 2, 2, 2, 4]",,nonzero-background-complete-lower-stacking,,,True,[],423d2d886a85057aaec48a4f0aaa9219000f1c911cef613946dfc99bf43c90ce,73e7bae91a1c02156431ddc1c072c06d32517e287b5aa6314203f416cff1b252
51,spinless,physical-spinless-det-sign-Pin-minus,w1(V)=determinant-parity,w2(V)+w1(V)^2,nonzero,normalized-pip-aw-edge-transport-v2,[],"[2, 2]","[2, 2, 2, 2, 2, 2, 2]","[2, 2, 2, 2, 2, 2, 2, 2]","[2, 2, 2, 2, 2, 2, 2, 2, 2, 2, 2, 2, 2, 2, 2, 2, 2]",,nonzero-background-complete-lower-stacking,,,True,[],f6d47390907cf78e9903ee81881f491bb27906e976527915c88bbd7b1db12ff9,73e7bae91a1c02156431ddc1c072c06d32517e287b5aa6314203f416cff1b252
52,spinless,physical-spinless-det-sign-Pin-minus,w1(V)=determinant-parity,w2(V)+w1(V)^2,nonzero,normalized-pip-aw-edge-transport-v2,[],"[2, 2]","[2, 2, 2]",[2],"[2, 2, 2, 2, 2, 2]",,nonzero-background-complete-lower-stacking,,,True,[],394dd6c62c1ede016467a278434da7f31667902005884dc755e65c0ae3faf84c,73e7bae91a1c02156431ddc1c072c06d32517e287b5aa6314203f416cff1b252
53,spinless,physical-spinless-det-sign-Pin-minus,w1(V)=determinant-parity,w2(V)+w1(V)^2,nonzero,normalized-pip-aw-edge-transport-v2,[],"[2, 2]","[2, 2, 2, 2, 2]","[2, 2, 2, 2]","[2, 2, 2, 2, 2, 2, 2, 2, 8]",,nonzero-background-complete-lower-stacking,,,True,[],cf90ea3d233ce88067924a97a89a84f567e4b4ce99a19754a260cb0158d76e1e,73e7bae91a1c02156431ddc1c072c06d32517e287b5aa6314203f416cff1b252
54,spinless,physical-spinless-det-sign-Pin-minus,w1(V)=determinant-parity,w2(V)+w1(V)^2,nonzero,normalized-pip-aw-edge-transport-v2,[],"[2, 2, 2]","[2, 2, 2, 2]",[2],"[2, 2, 2, 2, 2, 2, 2, 2]",,nonzero-background-complete-lower-stacking,,,True,[],6bd34ab877f0acf6ae333a23b7c7099adabfccbadc3853abdcc86d0be5e8fa04,73e7bae91a1c02156431ddc1c072c06d32517e287b5aa6314203f416cff1b252
55,spinless,physical-spinless-det-sign-Pin-minus,w1(V)=determinant-parity,w2(V)+w1(V)^2,nonzero,normalized-pip-aw-edge-transport-v2,[],"[2, 2]","[2, 2, 2]","[2, 2, 2, 2, 2]","[2, 2, 2, 2, 2, 2, 2, 2, 2, 2]",,nonzero-background-complete-lower-stacking,,,True,[],fc757c55a89d4c5336a97d010d9808c4a04aa2c470021d8bcf61078292c30a3d,73e7bae91a1c02156431ddc1c072c06d32517e287b5aa6314203f416cff1b252
56,spinless,physical-spinless-det-sign-Pin-minus,w1(V)=determinant-parity,w2(V)+w1(V)^2,nonzero,normalized-pip-aw-edge-transport-v2,[],"[2, 2]","[2, 2, 2]",[2],"[2, 2, 2, 2, 2, 2]",,nonzero-background-complete-lower-stacking,,,True,[],fb432c8d2cccf50134e912d4994407b1faa1533e98f3f598b88ec297073047ad,73e7bae91a1c02156431ddc1c072c06d32517e287b5aa6314203f416cff1b252
57,spinless,physical-spinless-det-sign-Pin-minus,w1(V)=determinant-parity,w2(V)+w1(V)^2,nonzero,normalized-pip-aw-edge-transport-v2,[],"[2, 2, 2]","[2, 2, 2, 2]","[2, 2]","[2, 2, 2, 2, 2, 2, 2, 2, 2]",,nonzero-background-complete-lower-stacking,,,True,[],06d13bf2a009db5a3fdf3bcb08bd874b58a68551842bd25df03c67810353fc92,73e7bae91a1c02156431ddc1c072c06d32517e287b5aa6314203f416cff1b252
58,spinless,physical-spinless-det-sign-Pin-minus,w1(V)=determinant-parity,w2(V)+w1(V)^2,nonzero,normalized-pip-aw-edge-transport-v2,[],[2],"[2, 2, 2, 2, 2]","[2, 2, 2]","[2, 2, 2, 2, 2, 2, 8]",,nonzero-background-complete-lower-stacking,,,True,[],a265295adab72374b73e9b828ee5471ee3e4493f2be76488e34582924b492f95,73e7bae91a1c02156431ddc1c072c06d32517e287b5aa6314203f416cff1b252
59,spinless,physical-spinless-det-sign-Pin-minus,w1(V)=determinant-parity,w2(V)+w1(V)^2,nonzero,normalized-pip-aw-edge-transport-v2,[],"[2, 2]","[2, 2, 2, 2, 2]","[2, 2, 2, 2, 2]","[2, 2, 2, 2, 2, 2, 2, 2, 2, 2, 2, 2]",,nonzero-background-complete-lower-stacking,,,True,[],5c25ff4005ec056c126e3b1ddede4cdffcafce46801c061ca2469ce0f5f4ff5a,73e7bae91a1c02156431ddc1c072c06d32517e287b5aa6314203f416cff1b252
60,spinless,physical-spinless-det-sign-Pin-minus,w1(V)=determinant-parity,w2(V)+w1(V)^2,nonzero,normalized-pip-aw-edge-transport-v2,[],"[2, 2]","[2, 2]",[2],"[2, 2, 2, 2, 2]",,nonzero-background-complete-lower-stacking,,,True,[],869720e6daf85da1e74c99f57dd7a56b1a32beac6d842b3ee1035777d0715bfc,73e7bae91a1c02156431ddc1c072c06d32517e287b5aa6314203f416cff1b252
61,spinless,physical-spinless-det-sign-Pin-minus,w1(V)=determinant-parity,w2(V)+w1(V)^2,zero,normalized-pip-aw-edge-transport-v2,[],"[2, 2]",[2],[2],"[2, 2, 2, 2]",,gauge-zero-complete-marked-stacking,,,True,[],559a5b90fbe124267d25375d9686ae705f91ae44d9f5ad3e767c954b4da490ee,73e7bae91a1c02156431ddc1c072c06d32517e287b5aa6314203f416cff1b252
62,spinless,physical-spinless-det-sign-Pin-minus,w1(V)=determinant-parity,w2(V)+w1(V)^2,nonzero,normalized-pip-aw-edge-transport-v2,[],"[2, 2]","[2, 2, 2]","[2, 2]","[2, 2, 2, 2, 2, 2, 2]",,nonzero-background-complete-lower-stacking,,,True,[],9537969421a6b41b68b8e2c847f00c8cb0a6ffca313fc65156f1eb50708b2b66,73e7bae91a1c02156431ddc1c072c06d32517e287b5aa6314203f416cff1b252
63,spinless,physical-spinless-det-sign-Pin-minus,w1(V)=determinant-parity,w2(V)+w1(V)^2,nonzero,normalized-pip-aw-edge-transport-v2,[],"[2, 2]","[2, 2, 2, 2]","[2, 2, 2, 2, 2]","[2, 2, 2, 2, 2, 2, 2, 2, 2, 2, 2]",,nonzero-background-complete-lower-stacking,,,True,[],bb79c9cb9ce0af7b067e687511059584e7a5e3aba48dfac8e815ddde3593a767,73e7bae91a1c02156431ddc1c072c06d32517e287b5aa6314203f416cff1b252
64,spinless,physical-spinless-det-sign-Pin-minus,w1(V)=determinant-parity,w2(V)+w1(V)^2,nonzero,normalized-pip-aw-edge-transport-v2,[],"[2, 2]","[2, 2, 2]","[2, 2, 2]","[2, 2, 2, 2, 2, 2, 2, 2]",,nonzero-background-complete-lower-stacking,,,True,[],2548574d93065963ff69cc289a3d285bc797c6cea562a4454f37f32223998209,73e7bae91a1c02156431ddc1c072c06d32517e287b5aa6314203f416cff1b252
65,spinless,physical-spinless-det-sign-Pin-minus,w1(V)=determinant-parity,w2(V)+w1(V)^2,nonzero,normalized-pip-aw-edge-transport-v2,[],[],"[2, 2, 2, 2, 2, 2]","[2, 2, 2, 2, 2, 2, 2, 2, 2, 2, 2, 2, 2, 2]","[2, 2, 2, 2, 2, 2, 2, 2, 2, 2, 2, 2, 2, 2, 2, 2, 2, 2, 2, 2]",,nonzero-background-complete-lower-stacking,,,True,[],75da3256c1f39ad0577cf226745b272b77059545d5611ca29d489675e251ef05,73e7bae91a1c02156431ddc1c072c06d32517e287b5aa6314203f416cff1b252
66,spinless,physical-spinless-det-sign-Pin-minus,w1(V)=determinant-parity,w2(V)+w1(V)^2,nonzero,normalized-pip-aw-edge-transport-v2,[],[2],"[2, 2, 2, 2, 2, 2]","[2, 2, 2, 2, 2]","[2, 2, 2, 2, 2, 2, 2, 2, 2, 8]",,nonzero-background-complete-lower-stacking,,,True,[],c3c36ae2b513981967914aa9ff27bfeb41f13233a15e5c7aaf05313f1b57debb,73e7bae91a1c02156431ddc1c072c06d32517e287b5aa6314203f416cff1b252
67,spinless,physical-spinless-det-sign-Pin-minus,w1(V)=determinant-parity,w2(V)+w1(V)^2,nonzero,normalized-pip-aw-edge-transport-v2,[],[2],"[2, 2, 2, 2, 2, 2, 2]","[2, 2, 2, 2, 2, 2, 2]","[2, 2, 2, 2, 2, 2, 2, 2, 2, 2, 2, 2, 2, 2, 2]",,nonzero-background-complete-lower-stacking,,,True,[],fcedf438f869b66902061c7e4520f894530b21c5d634b3ae0504ca463564fbe2,73e7bae91a1c02156431ddc1c072c06d32517e287b5aa6314203f416cff1b252
68,spinless,physical-spinless-det-sign-Pin-minus,w1(V)=determinant-parity,w2(V)+w1(V)^2,nonzero,normalized-pip-aw-edge-transport-v2,[],"[2, 2]","[2, 2, 2, 2]","[2, 2]","[2, 2, 2, 2, 2, 2, 4]",,nonzero-background-complete-lower-stacking,,,True,[],422985fdf797748cca0e5a39c84fb6e2231fc90c338d00603e5335c775f32c2e,73e7bae91a1c02156431ddc1c072c06d32517e287b5aa6314203f416cff1b252
69,spinless,physical-spinless-det-sign-Pin-minus,w1(V)=determinant-parity,w2(V)+w1(V)^2,nonzero,normalized-pip-aw-edge-transport-v2,[],[],"[2, 2, 2, 2, 2, 2]","[2, 2, 2, 2, 2, 2, 2, 2, 2]","[2, 2, 2, 2, 2, 2, 2, 2, 2, 2, 2, 2, 2, 2, 2]",,nonzero-background-complete-lower-stacking,,,True,[],d9af71259a4487e3867cdbd1de85b6d941341249400ccc1542bfdd5b87ce7bb4,73e7bae91a1c02156431ddc1c072c06d32517e287b5aa6314203f416cff1b252
70,spinless,physical-spinless-det-sign-Pin-minus,w1(V)=determinant-parity,w2(V)+w1(V)^2,nonzero,normalized-pip-aw-edge-transport-v2,[],[2],"[2, 2, 2]","[2, 2]","[2, 2, 2, 2, 4]",,nonzero-background-complete-lower-stacking,,,True,[],f9db936cccb51b6de14370d7e3fbd6b66738a8366b3a5f01efb4bb0287e9a51d,73e7bae91a1c02156431ddc1c072c06d32517e287b5aa6314203f416cff1b252
71,spinless,physical-spinless-det-sign-Pin-minus,w1(V)=determinant-parity,w2(V)+w1(V)^2,nonzero,normalized-pip-aw-edge-transport-v2,[],[],"[2, 2, 2, 2]","[2, 2, 2, 2, 2, 2, 2, 2, 2, 2, 2, 2, 2]","[2, 2, 2, 2, 2, 2, 2, 2, 2, 2, 2, 2, 2, 2, 2, 2, 2]",,nonzero-background-complete-lower-stacking,,,True,[],d3e29697e2c676716ae4a26590e8b640271813c9f9d84d22e36426cf0865e826,73e7bae91a1c02156431ddc1c072c06d32517e287b5aa6314203f416cff1b252
72,spinless,physical-spinless-det-sign-Pin-minus,w1(V)=determinant-parity,w2(V)+w1(V)^2,nonzero,normalized-pip-aw-edge-transport-v2,[],[2],"[2, 2, 2, 2]","[2, 2, 2, 2]","[2, 2, 2, 2, 2, 2, 2, 2, 2]",,nonzero-background-complete-lower-stacking,,,True,[],149f839f2b63dec0dd463b9a65bb2d0204cdb3a91e3e905f73c9e72647cd6d06,73e7bae91a1c02156431ddc1c072c06d32517e287b5aa6314203f416cff1b252
73,spinless,physical-spinless-det-sign-Pin-minus,w1(V)=determinant-parity,w2(V)+w1(V)^2,nonzero,normalized-pip-aw-edge-transport-v2,[],"[2, 2, 2]","[2, 2, 2, 2]",[2],"[2, 2, 2, 2, 2, 2, 2, 2]",,nonzero-background-complete-lower-stacking,,,True,[],9848a7e7f6ca9f006dc52d720a0f96f95599e1e7c86699bcfcac8bc88c7d5528,73e7bae91a1c02156431ddc1c072c06d32517e287b5aa6314203f416cff1b252
74,spinless,physical-spinless-det-sign-Pin-minus,w1(V)=determinant-parity,w2(V)+w1(V)^2,nonzero,normalized-pip-aw-edge-transport-v2,[],[2],"[2, 2, 2, 2, 2]","[2, 2, 2, 2, 2, 2]","[2, 2, 2, 2, 2, 2, 2, 2, 2, 2, 2, 2]",,nonzero-background-complete-lower-stacking,,,True,[],ac43ea81df7aea44c785a46dcc1625ed455da04e6a668ada2709a664e9d2a7d5,73e7bae91a1c02156431ddc1c072c06d32517e287b5aa6314203f416cff1b252
75,spinless,physical-spinless-det-sign-Pin-minus,w1(V)=determinant-parity,w2(V)+w1(V)^2,nonzero,normalized-pip-aw-edge-transport-v2,[0],"[2, 2]","[2, 2, 2]","[2, 4]","[0, 2, 2, 2, 2, 2, 2, 4]",,nonzero-background-complete-lower-stacking,2,2,True,[],f214139a445be3c34bb9c625e02b82b5195a41ad44016661046ca4c0c6d39209,73e7bae91a1c02156431ddc1c072c06d32517e287b5aa6314203f416cff1b252
76,spinless,physical-spinless-det-sign-Pin-minus,w1(V)=determinant-parity,w2(V)+w1(V)^2,zero,normalized-pip-aw-edge-transport-v2,[0],"[2, 2]",[2],[],"[0, 2, 2, 2]",,gauge-zero-complete-marked-stacking,1,,True,[],72bcd931a96f710a8bdfe655c94d358a52e8cd0b8878ab01603f18f3412af7bd,73e7bae91a1c02156431ddc1c072c06d32517e287b5aa6314203f416cff1b252
77,spinless,physical-spinless-det-sign-Pin-minus,w1(V)=determinant-parity,w2(V)+w1(V)^2,nonzero,normalized-pip-aw-edge-transport-v2,[0],"[2, 2]","[2, 2, 2]",[2],"[0, 2, 2, 2, 2, 2, 2]",,nonzero-background-complete-lower-stacking,2,2,True,[],795754bcb15f6d712899218ae038856abc1df99370f74d7cdf529318679ceb8f,73e7bae91a1c02156431ddc1c072c06d32517e287b5aa6314203f416cff1b252
78,spinless,physical-spinless-det-sign-Pin-minus,w1(V)=determinant-parity,w2(V)+w1(V)^2,zero,normalized-pip-aw-edge-transport-v2,[0],"[2, 2]",[2],[],"[0, 2, 2, 2]",,gauge-zero-complete-marked-stacking,1,,True,[],46836e7cff290abe90af2274e763cf068a90a6daa8909b0cb89b4d669e30f1a1,73e7bae91a1c02156431ddc1c072c06d32517e287b5aa6314203f416cff1b252
79,spinless,physical-spinless-det-sign-Pin-minus,w1(V)=determinant-parity,w2(V)+w1(V)^2,nonzero,normalized-pip-aw-edge-transport-v2,[0],[2],"[2, 2]",[4],"[0, 2, 2, 2, 4]",,nonzero-background-complete-lower-stacking,2,2,True,[],8231fe5fe1d921fb29c7bea76bec9b30f4efb2d0aee4ab93b4e5264b8b733b81,73e7bae91a1c02156431ddc1c072c06d32517e287b5aa6314203f416cff1b252
80,spinless,physical-spinless-det-sign-Pin-minus,w1(V)=determinant-parity,w2(V)+w1(V)^2,nonzero,normalized-pip-aw-edge-transport-v2,[0],[2],[2],[2],"[0, 2, 2, 2]",,nonzero-background-complete-lower-stacking,1,2,True,[],9d7ad94f2ed4c087b5bc420b2740b5141c086e80bcf5c9cd73b7e1ac787eb507,73e7bae91a1c02156431ddc1c072c06d32517e287b5aa6314203f416cff1b252
81,spinless,physical-spinless-det-sign-Pin-minus,w1(V)=determinant-parity,w2(V)+w1(V)^2,nonzero,normalized-pip-aw-edge-transport-v2,[0],"[2, 2, 2]","[2, 2, 2]","[2, 2, 2, 4]","[0, 2, 2, 2, 2, 2, 4, 4, 4]",,nonzero-background-complete-lower-stacking,2,,True,[],c7c30f3b35a381509e5e668494337d5b2b7c7f834aafec3ed0ab631137387644,73e7bae91a1c02156431ddc1c072c06d32517e287b5aa6314203f416cff1b252
82,spinless,physical-spinless-det-sign-Pin-minus,w1(V)=determinant-parity,w2(V)+w1(V)^2,nonzero,normalized-pip-aw-edge-transport-v2,[0],"[2, 2]","[2, 2]","[2, 2, 2, 4]","[0, 2, 2, 2, 4, 4, 4]",,nonzero-background-complete-lower-stacking,2,,True,[],e91eda71057b8e71181d6056dd3cd2723342c951efe27c091914b4bbe6d540d7,73e7bae91a1c02156431ddc1c072c06d32517e287b5aa6314203f416cff1b252
83,spinless,physical-spinless-det-sign-Pin-minus,w1(V)=determinant-parity,w2(V)+w1(V)^2,nonzero,normalized-pip-aw-edge-transport-v2,[0],[2],"[2, 2, 2, 2, 2, 2]","[2, 2, 2, 2, 2, 2, 2, 4]","[0, 2, 2, 2, 2, 2, 2, 2, 2, 2, 4, 4, 8]",,nonzero-background-complete-lower-stacking,2,,True,[],57128d81f822c309a70744d53a6280ffe332b757c1250eb645052206ebbfc98d,73e7bae91a1c02156431ddc1c072c06d32517e287b5aa6314203f416cff1b252
84,spinless,physical-spinless-det-sign-Pin-minus,w1(V)=determinant-parity,w2(V)+w1(V)^2,nonzero,normalized-pip-aw-edge-transport-v2,[0],[2],"[2, 2, 2, 2, 2]","[2, 2, 2, 2, 2]","[0, 2, 2, 2, 2, 2, 2, 2, 2, 8]",,nonzero-background-complete-lower-stacking,2,,True,[],5c42dd9b66aeb02ed4392f9200cd243a9e8960a1410710c94063dfd09473b12e,73e7bae91a1c02156431ddc1c072c06d32517e287b5aa6314203f416cff1b252
85,spinless,physical-spinless-det-sign-Pin-minus,w1(V)=determinant-parity,w2(V)+w1(V)^2,nonzero,normalized-pip-aw-edge-transport-v2,[0],"[2, 2]","[2, 2, 2]","[2, 2, 4]","[0, 2, 2, 2, 2, 2, 4, 4]",,nonzero-background-complete-lower-stacking,2,,True,[],2ecd96c768d70c180bad983e7cfbb9e44d1e0e114b3a85624572230333eb0475,73e7bae91a1c02156431ddc1c072c06d32517e287b5aa6314203f416cff1b252
86,spinless,physical-spinless-det-sign-Pin-minus,w1(V)=determinant-parity,w2(V)+w1(V)^2,nonzero,normalized-pip-aw-edge-transport-v2,[0],"[2, 2]","[2, 2, 2]","[2, 4]","[0, 2, 2, 2, 2, 4, 4]",,nonzero-background-complete-lower-stacking,2,,True,[],f774a8e8ad98f3c02ec27e6122fb3f2849ed872e9eab92717e006f1374b0cc76,73e7bae91a1c02156431ddc1c072c06d32517e287b5aa6314203f416cff1b252
87,spinless,physical-spinless-det-sign-Pin-minus,w1(V)=determinant-parity,w2(V)+w1(V)^2,nonzero,normalized-pip-aw-edge-transport-v2,[0],[2],"[2, 2, 2, 2]","[2, 2, 2, 2, 4]","[0, 2, 2, 2, 2, 2, 2, 4, 8]",,nonzero-background-complete-lower-stacking,2,,True,[],b1f0fdc4be5d9f6c15ced2ad9b3a18b52fd55a8714246c79ceac955d9ba02490,73e7bae91a1c02156431ddc1c072c06d32517e287b5aa6314203f416cff1b252
88,spinless,physical-spinless-det-sign-Pin-minus,w1(V)=determinant-parity,w2(V)+w1(V)^2,nonzero,normalized-pip-aw-edge-transport-v2,[0],[2],"[2, 2]","[2, 4]","[0, 2, 2, 4, 4]",,nonzero-background-complete-lower-stacking,2,,True,[],fa81b9a09ae993d9660d1f6db1e87ed8390e39ef565fe90eda8f44f04dd90c76,73e7bae91a1c02156431ddc1c072c06d32517e287b5aa6314203f416cff1b252
89,spinless,physical-spinless-det-sign-Pin-minus,w1(V)=determinant-parity,w2(V)+w1(V)^2,nonzero,normalized-pip-aw-edge-transport-v2,[],[],"[2, 2, 2, 2, 2, 2, 2, 2]","[2, 2, 2, 2]","[2, 2, 2, 2, 2, 2, 2, 2, 2, 2, 2, 2]",,nonzero-background-complete-lower-stacking,,4,True,[],9b89419ea567fc949d438af727fda50ed4d8d12a50bfb4019196a38c41b1994f,73e7bae91a1c02156431ddc1c072c06d32517e287b5aa6314203f416cff1b252
90,spinless,physical-spinless-det-sign-Pin-minus,w1(V)=determinant-parity,w2(V)+w1(V)^2,nonzero,normalized-pip-aw-edge-transport-v2,[],[2],"[2, 2]","[2, 2, 2]","[2, 2, 2, 2, 2, 2]",,nonzero-background-complete-lower-stacking,,4,True,[],c3cb232e51c121fa5b0c8ffeee63855dbd290ed680051ba2fdc5c32f499e3085,73e7bae91a1c02156431ddc1c072c06d32517e287b5aa6314203f416cff1b252
91,spinless,physical-spinless-det-sign-Pin-minus,w1(V)=determinant-parity,w2(V)+w1(V)^2,nonzero,normalized-pip-aw-edge-transport-v2,[],"[2, 2]","[2, 2, 2]",[2],"[2, 2, 2, 2, 2, 2]",,nonzero-background-complete-lower-stacking,,2,True,[],25f2c6e2270931b520f9b388d7eb549eae207b774894016b8ed223120c3911be,73e7bae91a1c02156431ddc1c072c06d32517e287b5aa6314203f416cff1b252
92,spinless,physical-spinless-det-sign-Pin-minus,w1(V)=determinant-parity,w2(V)+w1(V)^2,nonzero,normalized-pip-aw-edge-transport-v2,[],[2],[2],[2],"[2, 2, 2]",,nonzero-background-complete-lower-stacking,,2,True,[],376b8085bb8784aff1f6563697613106c9cc97868e76aeb505e6436ee8036bc9,73e7bae91a1c02156431ddc1c072c06d32517e287b5aa6314203f416cff1b252
93,spinless,physical-spinless-det-sign-Pin-minus,w1(V)=determinant-parity,w2(V)+w1(V)^2,nonzero,normalized-pip-aw-edge-transport-v2,[],[],"[2, 2, 2, 2, 2]","[2, 2, 2, 2]","[2, 2, 2, 2, 2, 2, 2, 2, 2]",,nonzero-background-complete-lower-stacking,,4,True,[],d227d5a4457e42adfa1fc9189fc626eb9867718c70d90c5f2263d1329f73b8a5,73e7bae91a1c02156431ddc1c072c06d32517e287b5aa6314203f416cff1b252
94,spinless,physical-spinless-det-sign-Pin-minus,w1(V)=determinant-parity,w2(V)+w1(V)^2,nonzero,normalized-pip-aw-edge-transport-v2,[],[2],"[2, 2]","[2, 2]","[2, 2, 2, 2, 2]",,nonzero-background-complete-lower-stacking,,4,True,[],a483c1a7ef7e58b2894616da6c720ba9e35e34385f7dce7d1b015307192d83e4,73e7bae91a1c02156431ddc1c072c06d32517e287b5aa6314203f416cff1b252
95,spinless,physical-spinless-det-sign-Pin-minus,w1(V)=determinant-parity,w2(V)+w1(V)^2,nonzero,normalized-pip-aw-edge-transport-v2,[],"[2, 2]","[2, 2, 2]",[2],"[2, 2, 2, 2, 2, 2]",,nonzero-background-complete-lower-stacking,,2,True,[],265ea7d7441a87cdf4d5e5e0d24fae2ef48dde3c825bf3825e9128d7600aed45,73e7bae91a1c02156431ddc1c072c06d32517e287b5aa6314203f416cff1b252
96,spinless,physical-spinless-det-sign-Pin-minus,w1(V)=determinant-parity,w2(V)+w1(V)^2,nonzero,normalized-pip-aw-edge-transport-v2,[],[2],[2],[2],"[2, 2, 2]",,nonzero-background-complete-lower-stacking,,2,True,[],2b49fa0fd37e0925895cf6f1d0cb3a136cc3ee6b3d4f0d34adba5eea92c1d6f3,73e7bae91a1c02156431ddc1c072c06d32517e287b5aa6314203f416cff1b252
97,spinless,physical-spinless-det-sign-Pin-minus,w1(V)=determinant-parity,w2(V)+w1(V)^2,nonzero,normalized-pip-aw-edge-transport-v2,[],[],"[2, 2, 2, 2]","[2, 2, 2]","[2, 2, 2, 2, 2, 2, 2]",,nonzero-background-complete-lower-stacking,,4,True,[],603afde12677695d2fbce203f2dcd81657566e23578e50c51744485111b40581,73e7bae91a1c02156431ddc1c072c06d32517e287b5aa6314203f416cff1b252
98,spinless,physical-spinless-det-sign-Pin-minus,w1(V)=determinant-parity,w2(V)+w1(V)^2,nonzero,normalized-pip-aw-edge-transport-v2,[],[2],"[2, 2]","[2, 2]","[2, 2, 2, 2, 2]",,nonzero-background-complete-lower-stacking,,4,True,[],9d183986ff9e96730be5b4187326b7741a509c5777edeadda6c25c56244a854a,73e7bae91a1c02156431ddc1c072c06d32517e287b5aa6314203f416cff1b252
99,spinless,physical-spinless-det-sign-Pin-minus,w1(V)=determinant-parity,w2(V)+w1(V)^2,nonzero,normalized-pip-aw-edge-transport-v2,[],"[2, 2, 2]","[2, 2, 2, 2, 2, 2, 2]","[2, 2, 2, 2, 2, 2, 2, 2]","[2, 2, 2, 2, 2, 2, 2, 2, 2, 2, 2, 2, 2, 2, 2, 2, 2, 2]",,nonzero-background-complete-lower-stacking,,,True,[],049be3f56dfedebfb345a9bbc34498d6356ff1cfcde8f7837475f23803f4fe82,73e7bae91a1c02156431ddc1c072c06d32517e287b5aa6314203f416cff1b252
100,spinless,physical-spinless-det-sign-Pin-minus,w1(V)=determinant-parity,w2(V)+w1(V)^2,nonzero,normalized-pip-aw-edge-transport-v2,[],"[2, 2]","[2, 2, 2]","[2, 2, 2, 2]","[2, 2, 2, 2, 2, 2, 2, 2, 2]",,nonzero-background-complete-lower-stacking,,,True,[],5151e7699a87d68463d0a387c6651f8ee2dc594ea3a722f92f49331530c7479e,73e7bae91a1c02156431ddc1c072c06d32517e287b5aa6314203f416cff1b252
101,spinless,physical-spinless-det-sign-Pin-minus,w1(V)=determinant-parity,w2(V)+w1(V)^2,nonzero,normalized-pip-aw-edge-transport-v2,[],"[2, 2, 2]","[2, 2, 2]","[2, 2, 2, 2]","[2, 2, 2, 2, 2, 2, 2, 2, 2, 2]",,nonzero-background-complete-lower-stacking,,,True,[],f7013832e2bdb2f2dddee1f90a7b0cb69e20712218f70790dd652be00a03466a,73e7bae91a1c02156431ddc1c072c06d32517e287b5aa6314203f416cff1b252
102,spinless,physical-spinless-det-sign-Pin-minus,w1(V)=determinant-parity,w2(V)+w1(V)^2,nonzero,normalized-pip-aw-edge-transport-v2,[],"[2, 2]","[2, 2, 2]","[2, 2, 2]","[2, 2, 2, 2, 2, 2, 2, 2]",,nonzero-background-complete-lower-stacking,,,True,[],f7b4f848a9e98ac7dfbad0ca9155adf89eeef7c4abcfc5dd480fdf3068e869ad,73e7bae91a1c02156431ddc1c072c06d32517e287b5aa6314203f416cff1b252
103,spinless,physical-spinless-det-sign-Pin-minus,w1(V)=determinant-parity,w2(V)+w1(V)^2,nonzero,normalized-pip-aw-edge-transport-v2,[],"[2, 2, 2]","[2, 2, 2]","[2, 2]","[2, 2, 2, 2, 2, 2, 2, 2]",,nonzero-background-complete-lower-stacking,,,True,[],f6bed0e404ea1309c428ce1a08de0882e07feec3c6a9f6a72e20e41585d99b23,73e7bae91a1c02156431ddc1c072c06d32517e287b5aa6314203f416cff1b252
104,spinless,physical-spinless-det-sign-Pin-minus,w1(V)=determinant-parity,w2(V)+w1(V)^2,nonzero,normalized-pip-aw-edge-transport-v2,[],"[2, 2]","[2, 2]",[4],"[2, 2, 2, 2, 4]",,nonzero-background-complete-lower-stacking,,,True,[],b3ea5afd5d758e71a829cdc6c4eac76cac693c2d07374a12ca994ee08913fa9e,73e7bae91a1c02156431ddc1c072c06d32517e287b5aa6314203f416cff1b252
105,spinless,physical-spinless-det-sign-Pin-minus,w1(V)=determinant-parity,w2(V)+w1(V)^2,nonzero,normalized-pip-aw-edge-transport-v2,[],"[2, 2, 2]","[2, 2, 2, 2]","[2, 2, 2, 2, 2, 2]","[2, 2, 2, 2, 2, 2, 2, 2, 2, 2, 2, 2, 2]",,nonzero-background-complete-lower-stacking,,,True,[],ec8cc016f08a4f0681aaa1db9316ac26be42f9fb55e7624352efa4ec9b3cfa46,73e7bae91a1c02156431ddc1c072c06d32517e287b5aa6314203f416cff1b252
106,spinless,physical-spinless-det-sign-Pin-minus,w1(V)=determinant-parity,w2(V)+w1(V)^2,nonzero,normalized-pip-aw-edge-transport-v2,[],"[2, 2]","[2, 2]",[2],"[2, 2, 2, 2, 2]",,nonzero-background-complete-lower-stacking,,,True,[],68bc12b5643896a30a22ed0a46b1359addb9bd6cff9692ef62952b6b2fd89a3e,73e7bae91a1c02156431ddc1c072c06d32517e287b5aa6314203f416cff1b252
107,spinless,physical-spinless-det-sign-Pin-minus,w1(V)=determinant-parity,w2(V)+w1(V)^2,nonzero,normalized-pip-aw-edge-transport-v2,[],"[2, 2, 2]","[2, 2, 2]","[2, 2, 2, 2, 2, 2]","[2, 2, 2, 2, 2, 2, 2, 2, 2, 2, 2, 2]",,nonzero-background-complete-lower-stacking,,,True,[],5366bd9e386edb70fa49d0aee9cf70a2f007de3096bcbe9bb684d49f3d0fdba7,73e7bae91a1c02156431ddc1c072c06d32517e287b5aa6314203f416cff1b252
108,spinless,physical-spinless-det-sign-Pin-minus,w1(V)=determinant-parity,w2(V)+w1(V)^2,nonzero,normalized-pip-aw-edge-transport-v2,[],"[2, 2, 2]","[2, 2]","[2, 2, 2, 2]","[2, 2, 2, 2, 2, 2, 2, 2, 2]",,nonzero-background-complete-lower-stacking,,,True,[],3fb525a364543fc9420916c382e588ba0d4a27df98f40a00c086536b95640f65,73e7bae91a1c02156431ddc1c072c06d32517e287b5aa6314203f416cff1b252
109,spinless,physical-spinless-det-sign-Pin-minus,w1(V)=determinant-parity,w2(V)+w1(V)^2,nonzero,normalized-pip-aw-edge-transport-v2,[],[2],"[2, 2, 2]","[2, 2]","[2, 2, 2, 2, 2, 2]",,nonzero-background-complete-lower-stacking,,,True,[],7fef47a413f992fa10dd10aca5b46ff20e03178581974b459469f60481868029,73e7bae91a1c02156431ddc1c072c06d32517e287b5aa6314203f416cff1b252
110,spinless,physical-spinless-det-sign-Pin-minus,w1(V)=determinant-parity,w2(V)+w1(V)^2,nonzero,normalized-pip-aw-edge-transport-v2,[],"[2, 2]",[2],[2],"[2, 2, 2, 2]",,nonzero-background-complete-lower-stacking,,,True,[],e4a1fdc10fdedce99e2ebc98a048eb60c111bfd68be5df2458ed44d8e93cb8f3,73e7bae91a1c02156431ddc1c072c06d32517e287b5aa6314203f416cff1b252
111,spinless,physical-spinless-det-sign-Pin-minus,w1(V)=determinant-parity,w2(V)+w1(V)^2,nonzero,normalized-pip-aw-edge-transport-v2,[],[],"[2, 2, 2, 2, 2, 2, 2, 2]","[2, 2, 2, 2, 2, 2]","[2, 2, 2, 2, 2, 2, 2, 2, 2, 2, 2, 2, 2, 2]",,nonzero-background-complete-lower-stacking,,,True,[],7b50bdb665188ce6fd02b1a16f5f011fa5fd04728bf69ea07b8dddf1d52660b1,73e7bae91a1c02156431ddc1c072c06d32517e287b5aa6314203f416cff1b252
112,spinless,physical-spinless-det-sign-Pin-minus,w1(V)=determinant-parity,w2(V)+w1(V)^2,nonzero,normalized-pip-aw-edge-transport-v2,[],[2],"[2, 2, 2, 2, 2]","[2, 2, 2, 2]","[2, 2, 2, 2, 2, 2, 2, 2, 4]",,nonzero-background-complete-lower-stacking,,,True,[],72cf27dfc2dc8c652a5c312522f39b41a5c6dc65fdf2d2c50aa28866dd7484f8,73e7bae91a1c02156431ddc1c072c06d32517e287b5aa6314203f416cff1b252
113,spinless,physical-spinless-det-sign-Pin-minus,w1(V)=determinant-parity,w2(V)+w1(V)^2,nonzero,normalized-pip-aw-edge-transport-v2,[],"[2, 2]","[2, 2, 2]","[2, 2, 2, 2, 2]","[2, 2, 2, 2, 2, 2, 2, 2, 4]",,nonzero-background-complete-lower-stacking,,,True,[],49bf84ac0570a021378c0c605952d5defca5b448783a04904697f9fbbc515128,73e7bae91a1c02156431ddc1c072c06d32517e287b5aa6314203f416cff1b252
114,spinless,physical-spinless-det-sign-Pin-minus,w1(V)=determinant-parity,w2(V)+w1(V)^2,nonzero,normalized-pip-aw-edge-transport-v2,[],"[2, 2]","[2, 2]","[2, 4]","[2, 2, 2, 4, 4]",,nonzero-background-complete-lower-stacking,,,True,[],ce14ac043440a4edc57322384445c33511c88a589671c72b84f5fc63848aab87,73e7bae91a1c02156431ddc1c072c06d32517e287b5aa6314203f416cff1b252
115,spinless,physical-spinless-det-sign-Pin-minus,w1(V)=determinant-parity,w2(V)+w1(V)^2,nonzero,normalized-pip-aw-edge-transport-v2,[],[2],"[2, 2, 2, 2, 2, 2, 2, 2]","[2, 2, 2, 2, 2, 2, 2]","[2, 2, 2, 2, 2, 2, 2, 2, 2, 2, 2, 2, 2, 2, 2, 2]",,nonzero-background-complete-lower-stacking,,,True,[],4527032f48b391225c71d381f774d190df8638d0c5de87759103ecfa21c28cbf,73e7bae91a1c02156431ddc1c072c06d32517e287b5aa6314203f416cff1b252
116,spinless,physical-spinless-det-sign-Pin-minus,w1(V)=determinant-parity,w2(V)+w1(V)^2,nonzero,normalized-pip-aw-edge-transport-v2,[],"[2, 2]","[2, 2, 2, 2]","[2, 2, 2]","[2, 2, 2, 2, 2, 2, 2, 4]",,nonzero-background-complete-lower-stacking,,,True,[],07c67c88b2e54b63184db215406208ed1c93239f30297c4add8293519fb4787d,73e7bae91a1c02156431ddc1c072c06d32517e287b5aa6314203f416cff1b252
117,spinless,physical-spinless-det-sign-Pin-minus,w1(V)=determinant-parity,w2(V)+w1(V)^2,nonzero,normalized-pip-aw-edge-transport-v2,[],"[2, 2]","[2, 2, 2]","[2, 2, 2, 2]","[2, 2, 2, 2, 2, 4, 4]",,nonzero-background-complete-lower-stacking,,,True,[],e493235c01421c9515b20caa602c1303d4bc93b51c64de0a1af25c05dcb62d42,73e7bae91a1c02156431ddc1c072c06d32517e287b5aa6314203f416cff1b252
118,spinless,physical-spinless-det-sign-Pin-minus,w1(V)=determinant-parity,w2(V)+w1(V)^2,nonzero,normalized-pip-aw-edge-transport-v2,[],"[2, 2]","[2, 2, 2]","[2, 2, 2, 2]","[2, 2, 2, 2, 2, 4, 4]",,nonzero-background-complete-lower-stacking,,,True,[],94c497535413d7237534e46bb84a688f8688109f38f1bac47a3cb464b257131c,73e7bae91a1c02156431ddc1c072c06d32517e287b5aa6314203f416cff1b252
119,spinless,physical-spinless-det-sign-Pin-minus,w1(V)=determinant-parity,w2(V)+w1(V)^2,nonzero,normalized-pip-aw-edge-transport-v2,[],[],"[2, 2, 2, 2, 2, 2]","[2, 2, 2, 2, 2, 2]","[2, 2, 2, 2, 2, 2, 2, 2, 2, 2, 2, 2]",,nonzero-background-complete-lower-stacking,,,True,[],116299d94fdbdee2e61424076a52153dc23acc1aae5f4eb5f105f8592905b885,73e7bae91a1c02156431ddc1c072c06d32517e287b5aa6314203f416cff1b252
120,spinless,physical-spinless-det-sign-Pin-minus,w1(V)=determinant-parity,w2(V)+w1(V)^2,nonzero,normalized-pip-aw-edge-transport-v2,[],"[2, 2]","[2, 2, 2]","[2, 2, 2, 2]","[2, 2, 2, 2, 2, 4, 4]",,nonzero-background-complete-lower-stacking,,,True,[],bbc984d094a6a5d36a01af3c8f3213c0dbff60a1436ad5ffdf154cfcf82d938d,73e7bae91a1c02156431ddc1c072c06d32517e287b5aa6314203f416cff1b252
121,spinless,physical-spinless-det-sign-Pin-minus,w1(V)=determinant-parity,w2(V)+w1(V)^2,nonzero,normalized-pip-aw-edge-transport-v2,[],[2],"[2, 2, 2, 2]","[2, 2, 2, 2, 2]","[2, 2, 2, 2, 2, 2, 2, 2, 2, 2]",,nonzero-background-complete-lower-stacking,,,True,[],cf1d72961082b970a016a7031723980286a95146728395b7904e89e916e7906e,73e7bae91a1c02156431ddc1c072c06d32517e287b5aa6314203f416cff1b252
122,spinless,physical-spinless-det-sign-Pin-minus,w1(V)=determinant-parity,w2(V)+w1(V)^2,nonzero,normalized-pip-aw-edge-transport-v2,[],"[2, 2]","[2, 2]","[2, 4]","[2, 2, 2, 4, 4]",,nonzero-background-complete-lower-stacking,,,True,[],b80661840e84834a86e3c8d14d212da2ae2d0609be5d121bab5c16091d3012bd,73e7bae91a1c02156431ddc1c072c06d32517e287b5aa6314203f416cff1b252
123,spinless,physical-spinless-det-sign-Pin-minus,w1(V)=determinant-parity,w2(V)+w1(V)^2,nonzero,normalized-pip-aw-edge-transport-v2,[],[],"[2, 2, 2, 2, 2, 2, 2, 2]","[2, 2, 2, 2, 2, 2, 2, 2, 2, 2, 2, 2, 2, 2, 2, 2, 2, 2, 2]","[2, 2, 2, 2, 2, 2, 2, 2, 2, 2, 2, 2, 2, 2, 2, 2, 2, 2, 2, 2, 2, 2, 2, 2, 2, 2, 2]",,nonzero-background-complete-lower-stacking,,,True,[],8d4a7c6d5ffdc33689a7972a7d53ad1294e7715af179ac482c513f329f58d2bc,73e7bae91a1c02156431ddc1c072c06d32517e287b5aa6314203f416cff1b252
124,spinless,physical-spinless-det-sign-Pin-minus,w1(V)=determinant-parity,w2(V)+w1(V)^2,nonzero,normalized-pip-aw-edge-transport-v2,[],[2],"[2, 2, 2, 2, 2, 2, 2]","[2, 2, 2, 2, 2, 2]","[2, 2, 2, 2, 2, 2, 2, 2, 2, 2, 2, 8]",,nonzero-background-complete-lower-stacking,,,True,[],d20bb8e1f65b74b2249f69f91230569ebc657b5784e835ae6a893d34f8517deb,73e7bae91a1c02156431ddc1c072c06d32517e287b5aa6314203f416cff1b252
125,spinless,physical-spinless-det-sign-Pin-minus,w1(V)=determinant-parity,w2(V)+w1(V)^2,nonzero,normalized-pip-aw-edge-transport-v2,[],[],"[2, 2, 2, 2, 2, 2, 2, 2]","[2, 2, 2, 2, 2]","[2, 2, 2, 2, 2, 2, 2, 2, 2, 2, 2, 2, 2]",,nonzero-background-complete-lower-stacking,,,True,[],19db8a04f0739cbb85c11031a24b6fc2333570b9792ff90338610a8e3dbad6dc,73e7bae91a1c02156431ddc1c072c06d32517e287b5aa6314203f416cff1b252
126,spinless,physical-spinless-det-sign-Pin-minus,w1(V)=determinant-parity,w2(V)+w1(V)^2,nonzero,normalized-pip-aw-edge-transport-v2,[],[2],"[2, 2, 2, 2, 2]","[2, 2, 2]","[2, 2, 2, 2, 2, 2, 2, 4]",,nonzero-background-complete-lower-stacking,,,True,[],934d8da056faedb7ee457b95d3a7cead84791c4ac9c8f685c011bf8ba0ebccc7,73e7bae91a1c02156431ddc1c072c06d32517e287b5aa6314203f416cff1b252
127,spinless,physical-spinless-det-sign-Pin-minus,w1(V)=determinant-parity,w2(V)+w1(V)^2,nonzero,normalized-pip-aw-edge-transport-v2,[],[],"[2, 2, 2, 2]","[2, 2, 2, 2, 2, 2, 2, 2, 2, 2]","[2, 2, 2, 2, 2, 2, 2, 2, 2, 2, 2, 2, 2, 2]",,nonzero-background-complete-lower-stacking,,,True,[],558d8b00efaaea0bc61c1b329cee4a4d969717da977bacd381de6a512899f2be,73e7bae91a1c02156431ddc1c072c06d32517e287b5aa6314203f416cff1b252
128,spinless,physical-spinless-det-sign-Pin-minus,w1(V)=determinant-parity,w2(V)+w1(V)^2,nonzero,normalized-pip-aw-edge-transport-v2,[],[2],"[2, 2, 2, 2]","[2, 2, 2, 2, 4]","[2, 2, 2, 2, 2, 2, 4, 8]",,nonzero-background-complete-lower-stacking,,,True,[],478c0394a902b7df2469ee9a572bf00a3c2da98dd243e6a681311e9f6792413a,73e7bae91a1c02156431ddc1c072c06d32517e287b5aa6314203f416cff1b252
129,spinless,physical-spinless-det-sign-Pin-minus,w1(V)=determinant-parity,w2(V)+w1(V)^2,nonzero,normalized-pip-aw-edge-transport-v2,[],[2],"[2, 2, 2, 2, 2, 2, 2]","[2, 2, 2, 2, 2, 2, 2]","[2, 2, 2, 2, 2, 2, 2, 2, 2, 2, 2, 2, 2, 2, 2]",,nonzero-background-complete-lower-stacking,,,True,[],a8556c43faec5c681f20632d86ab28b854e5c2cdec3ab2957b84caf2822b11f9,73e7bae91a1c02156431ddc1c072c06d32517e287b5aa6314203f416cff1b252
130,spinless,physical-spinless-det-sign-Pin-minus,w1(V)=determinant-parity,w2(V)+w1(V)^2,nonzero,normalized-pip-aw-edge-transport-v2,[],"[2, 2]","[2, 2, 2]","[2, 2, 2]","[2, 2, 2, 2, 2, 2, 4]",,nonzero-background-complete-lower-stacking,,,True,[],dac2e7a997cce8f2a95d80fea837c1d608ce18b745cb0fefb50906b50a0070ce,73e7bae91a1c02156431ddc1c072c06d32517e287b5aa6314203f416cff1b252
131,spinless,physical-spinless-det-sign-Pin-minus,w1(V)=determinant-parity,w2(V)+w1(V)^2,nonzero,normalized-pip-aw-edge-transport-v2,[],[],"[2, 2, 2, 2, 2, 2]","[2, 2, 2, 2, 2, 2, 2, 2, 2, 2, 2, 2, 2, 2]","[2, 2, 2, 2, 2, 2, 2, 2, 2, 2, 2, 2, 2, 2, 2, 2, 2, 2, 2, 2]",,nonzero-background-complete-lower-stacking,,,True,[],a422c3ffaca2720391b38466133cb437a6c23381491f8b00f9d47ac46d98625a,73e7bae91a1c02156431ddc1c072c06d32517e287b5aa6314203f416cff1b252
132,spinless,physical-spinless-det-sign-Pin-minus,w1(V)=determinant-parity,w2(V)+w1(V)^2,nonzero,normalized-pip-aw-edge-transport-v2,[],[],"[2, 2, 2, 2, 2, 2]","[2, 2, 2, 2, 2, 2, 2, 2, 2]","[2, 2, 2, 2, 2, 2, 2, 2, 2, 2, 2, 2, 2, 2, 2]",,nonzero-background-complete-lower-stacking,,,True,[],b0dc5e36287b7cb7e4d772b6d50a6ea211b0b2aea82acd136b0ef361b08ffbeb,73e7bae91a1c02156431ddc1c072c06d32517e287b5aa6314203f416cff1b252
133,spinless,physical-spinless-det-sign-Pin-minus,w1(V)=determinant-parity,w2(V)+w1(V)^2,nonzero,normalized-pip-aw-edge-transport-v2,[],[2],"[2, 2, 2, 2]","[2, 2, 2]","[2, 2, 2, 2, 2, 2, 4]",,nonzero-background-complete-lower-stacking,,,True,[],b27fe7a287104f4ade716cc6362da58ee61231fc14689313237970d57885b935,73e7bae91a1c02156431ddc1c072c06d32517e287b5aa6314203f416cff1b252
134,spinless,physical-spinless-det-sign-Pin-minus,w1(V)=determinant-parity,w2(V)+w1(V)^2,nonzero,normalized-pip-aw-edge-transport-v2,[],[],"[2, 2, 2, 2, 2, 2]","[2, 2, 2, 2, 2]","[2, 2, 2, 2, 2, 2, 2, 2, 2, 2, 2]",,nonzero-background-complete-lower-stacking,,,True,[],4a2c87cd8e955f592aa92c22f9a56b01a2645a9112211d90c6229058365c0e7b,73e7bae91a1c02156431ddc1c072c06d32517e287b5aa6314203f416cff1b252
135,spinless,physical-spinless-det-sign-Pin-minus,w1(V)=determinant-parity,w2(V)+w1(V)^2,nonzero,normalized-pip-aw-edge-transport-v2,[],[2],"[2, 2, 2]","[2, 2, 2, 2]","[2, 2, 2, 2, 2, 2, 2, 2]",,nonzero-background-complete-lower-stacking,,,True,[],ab64db17f68569b0ae47c7d0cf63849657e09e85a77b88a0de680f48fddc51b5,73e7bae91a1c02156431ddc1c072c06d32517e287b5aa6314203f416cff1b252
136,spinless,physical-spinless-det-sign-Pin-minus,w1(V)=determinant-parity,w2(V)+w1(V)^2,nonzero,normalized-pip-aw-edge-transport-v2,[],[],"[2, 2, 2]","[2, 2, 2, 2, 2, 2, 2, 2]","[2, 2, 2, 2, 2, 2, 2, 2, 2, 2, 2]",,nonzero-background-complete-lower-stacking,,,True,[],449edb7f45bf0ae20525d49855e23a4f1b2f86ae9ec0c1e008af1a982aa362e9,73e7bae91a1c02156431ddc1c072c06d32517e287b5aa6314203f416cff1b252
137,spinless,physical-spinless-det-sign-Pin-minus,w1(V)=determinant-parity,w2(V)+w1(V)^2,nonzero,normalized-pip-aw-edge-transport-v2,[],[2],"[2, 2, 2, 2]","[2, 2, 2, 2, 2]","[2, 2, 2, 2, 2, 2, 2, 2, 2, 2]",,nonzero-background-complete-lower-stacking,,,True,[],89964e256efb651cce588244b8606cc4a2ddbe46166631c126a07e731dd85fde,73e7bae91a1c02156431ddc1c072c06d32517e287b5aa6314203f416cff1b252
138,spinless,physical-spinless-det-sign-Pin-minus,w1(V)=determinant-parity,w2(V)+w1(V)^2,nonzero,normalized-pip-aw-edge-transport-v2,[],[2],"[2, 2, 2, 2]","[2, 2, 2, 2, 2]","[2, 2, 2, 2, 2, 2, 2, 2, 2, 2]",,nonzero-background-complete-lower-stacking,,,True,[],a7e05c80a1d08c9b0e1ddd3796d803ca78405896c5db86cb59c2ad85ac2074ed,73e7bae91a1c02156431ddc1c072c06d32517e287b5aa6314203f416cff1b252
139,spinless,physical-spinless-det-sign-Pin-minus,w1(V)=determinant-parity,w2(V)+w1(V)^2,nonzero,normalized-pip-aw-edge-transport-v2,[],[],"[2, 2, 2, 2, 2, 2]","[2, 2, 2, 2, 2, 2, 2, 2, 2, 2, 2]","[2, 2, 2, 2, 2, 2, 2, 2, 2, 2, 2, 2, 2, 2, 2, 2, 2]",,nonzero-background-complete-lower-stacking,,,True,[],bf883bf9789940d684b9368fe3591bdb067f13ea45a2cbacd4b1b840044488ea,73e7bae91a1c02156431ddc1c072c06d32517e287b5aa6314203f416cff1b252
140,spinless,physical-spinless-det-sign-Pin-minus,w1(V)=determinant-parity,w2(V)+w1(V)^2,nonzero,normalized-pip-aw-edge-transport-v2,[],[],"[2, 2, 2, 2, 2, 2]","[2, 2, 2, 2, 2, 2, 2]","[2, 2, 2, 2, 2, 2, 2, 2, 2, 2, 2, 2, 2]",,nonzero-background-complete-lower-stacking,,,True,[],2f5b56f1355962f6fbf0c55a1073733c0d7c7b4f7b4ff97687e26d78d9e8ea5c,73e7bae91a1c02156431ddc1c072c06d32517e287b5aa6314203f416cff1b252
141,spinless,physical-spinless-det-sign-Pin-minus,w1(V)=determinant-parity,w2(V)+w1(V)^2,nonzero,normalized-pip-aw-edge-transport-v2,[],[],"[2, 2, 2, 2]","[2, 2, 2, 2, 2]","[2, 2, 2, 2, 2, 2, 2, 2, 2]",,nonzero-background-complete-lower-stacking,,,True,[],3879132ae30e65b6644cc6fe11e7297d0f1b0b3e8023bb035e18151ee9f9d01a,73e7bae91a1c02156431ddc1c072c06d32517e287b5aa6314203f416cff1b252
142,spinless,physical-spinless-det-sign-Pin-minus,w1(V)=determinant-parity,w2(V)+w1(V)^2,nonzero,normalized-pip-aw-edge-transport-v2,[],"[2, 2]","[2, 2, 2]","[2, 2]","[2, 2, 2, 2, 2, 4]",,nonzero-background-complete-lower-stacking,,,True,[],e839871586aeac5a075eedd3133542b0636ed3cdae7040220b84451b27808035,73e7bae91a1c02156431ddc1c072c06d32517e287b5aa6314203f416cff1b252
143,spinless,physical-spinless-det-sign-Pin-minus,w1(V)=determinant-parity,w2(V)+w1(V)^2,zero,normalized-pip-aw-edge-transport-v2,[0],[2],[2],"[3, 3, 3]","[0, 3, 6, 6]",,gauge-zero-complete-marked-stacking,1,,True,[],9e4af2f348105c0960541c652ff14c1e2f8b797a713e20f8062bb93ca856456c,73e7bae91a1c02156431ddc1c072c06d32517e287b5aa6314203f416cff1b252
144,spinless,physical-spinless-det-sign-Pin-minus,w1(V)=determinant-parity,w2(V)+w1(V)^2,zero,normalized-pip-aw-edge-transport-v2,[0],[2],[2],[],"[0, 2, 2]",,gauge-zero-complete-marked-stacking,1,,True,[],12d65b22716a16bee13ef6a0713b8e703c0fdd047cf6af99eb1f84a51b37103e,73e7bae91a1c02156431ddc1c072c06d32517e287b5aa6314203f416cff1b252
145,spinless,physical-spinless-det-sign-Pin-minus,w1(V)=determinant-parity,w2(V)+w1(V)^2,zero,normalized-pip-aw-edge-transport-v2,[0],[2],[2],[],"[0, 2, 2]",,gauge-zero-complete-marked-stacking,1,,True,[],5dc31ffc07c1306f985148946e1064e5285cfc2899e8eac2c8b0c1db1984e5a5,73e7bae91a1c02156431ddc1c072c06d32517e287b5aa6314203f416cff1b252
146,spinless,physical-spinless-det-sign-Pin-minus,w1(V)=determinant-parity,w2(V)+w1(V)^2,zero,normalized-pip-aw-edge-transport-v2,[0],[2],[2],[3],"[0, 2, 6]",,gauge-zero-complete-marked-stacking,1,,True,[],7074df7b89f25e2f9ea4d9f6914342f2ea1d206edfe6c9e36d60e05e17e1e6e9,73e7bae91a1c02156431ddc1c072c06d32517e287b5aa6314203f416cff1b252
147,spinless,physical-spinless-det-sign-Pin-minus,w1(V)=determinant-parity,w2(V)+w1(V)^2,zero,normalized-pip-aw-edge-transport-v2,[0],[],"[2, 2]","[3, 6]","[0, 2, 6, 6]",,gauge-zero-complete-marked-stacking,2,,True,[],6c3ef712da066b0a8a018fb178866180ea8e106e0ceb5a52986fbc6b4a437db4,73e7bae91a1c02156431ddc1c072c06d32517e287b5aa6314203f416cff1b252
148,spinless,physical-spinless-det-sign-Pin-minus,w1(V)=determinant-parity,w2(V)+w1(V)^2,zero,normalized-pip-aw-edge-transport-v2,[0],[],"[2, 2]",[6],"[0, 2, 2, 6]",,gauge-zero-complete-marked-stacking,2,,True,[],50c7df0f86bd46d57171a2a228342fb8b328467ef25b145518eeb36760059518,73e7bae91a1c02156431ddc1c072c06d32517e287b5aa6314203f416cff1b252
149,spinless,physical-spinless-det-sign-Pin-minus,w1(V)=determinant-parity,w2(V)+w1(V)^2,nonzero,normalized-pip-aw-edge-transport-v2,[],[2],"[2, 2]",[2],"[2, 2, 2, 2]",,nonzero-background-complete-lower-stacking,,2,True,[],e5734352b399344c8a9ea24588a6239d8295a63a6d2dbcc298aedc92a932a513,73e7bae91a1c02156431ddc1c072c06d32517e287b5aa6314203f416cff1b252
150,spinless,physical-spinless-det-sign-Pin-minus,w1(V)=determinant-parity,w2(V)+w1(V)^2,nonzero,normalized-pip-aw-edge-transport-v2,[],[2],"[2, 2]",[6],"[2, 2, 2, 6]",,nonzero-background-complete-lower-stacking,,2,True,[],aacffdb029f904736ad1f5dd059e7b805af9e3dbc9e2a30d3bf3e4239be64ba5,73e7bae91a1c02156431ddc1c072c06d32517e287b5aa6314203f416cff1b252
151,spinless,physical-spinless-det-sign-Pin-minus,w1(V)=determinant-parity,w2(V)+w1(V)^2,nonzero,normalized-pip-aw-edge-transport-v2,[],[2],"[2, 2]",[2],"[2, 2, 2, 2]",,nonzero-background-complete-lower-stacking,,2,True,[],b8e7f27eb2dd511d913c676259b234c328929e91db70399be70e0fe2afa9c43c,73e7bae91a1c02156431ddc1c072c06d32517e287b5aa6314203f416cff1b252
152,spinless,physical-spinless-det-sign-Pin-minus,w1(V)=determinant-parity,w2(V)+w1(V)^2,nonzero,normalized-pip-aw-edge-transport-v2,[],[2],"[2, 2]",[2],"[2, 2, 2, 2]",,nonzero-background-complete-lower-stacking,,2,True,[],f23e61280de56413059cbd66c02a33ff4e24aa1e2589c361f5683aa9dfe7afbd,73e7bae91a1c02156431ddc1c072c06d32517e287b5aa6314203f416cff1b252
153,spinless,physical-spinless-det-sign-Pin-minus,w1(V)=determinant-parity,w2(V)+w1(V)^2,nonzero,normalized-pip-aw-edge-transport-v2,[],[2],"[2, 2]",[2],"[2, 2, 2, 2]",,nonzero-background-complete-lower-stacking,,2,True,[],a4dddb64a0547a0c3357732db36b14d8ab737725290ce74cfc7136057e7a7344,73e7bae91a1c02156431ddc1c072c06d32517e287b5aa6314203f416cff1b252
154,spinless,physical-spinless-det-sign-Pin-minus,w1(V)=determinant-parity,w2(V)+w1(V)^2,nonzero,normalized-pip-aw-edge-transport-v2,[],[2],"[2, 2]",[2],"[2, 2, 2, 2]",,nonzero-background-complete-lower-stacking,,2,True,[],395c5980c9be0a44bd0512f3b986e2626ea008a6f61868adb5b0f34b21386e39,73e7bae91a1c02156431ddc1c072c06d32517e287b5aa6314203f416cff1b252
155,spinless,physical-spinless-det-sign-Pin-minus,w1(V)=determinant-parity,w2(V)+w1(V)^2,nonzero,normalized-pip-aw-edge-transport-v2,[],[2],"[2, 2]",[2],"[2, 2, 2, 2]",,nonzero-background-complete-lower-stacking,,2,True,[],2f5fa5d9fbefe8172ec012a6e5adbafc9cb33689bbbc57dbc69c6f7d74f40df7,73e7bae91a1c02156431ddc1c072c06d32517e287b5aa6314203f416cff1b252
156,spinless,physical-spinless-det-sign-Pin-minus,w1(V)=determinant-parity,w2(V)+w1(V)^2,nonzero,normalized-pip-aw-edge-transport-v2,[2],"[2, 2, 2]","[2, 2, 2]","[2, 2]","[2, 2, 2, 2, 2, 16]","[[2, 2, 2, 2, 2, 16]]",abstract-upper-family-single-group,,,False,[],04a8f41a42624ca39342aac4e450616655b8bfdff74f40b57e18552278ea8bf1,73e7bae91a1c02156431ddc1c072c06d32517e287b5aa6314203f416cff1b252
157,spinless,physical-spinless-det-sign-Pin-minus,w1(V)=determinant-parity,w2(V)+w1(V)^2,nonzero,normalized-pip-aw-edge-transport-v2,[2],"[2, 2, 2]","[2, 2, 2]","[2, 6]","[2, 2, 2, 2, 2, 48]","[[2, 2, 2, 2, 2, 48]]",abstract-upper-family-single-group,,,False,[],3971491946c1983560d49a18850878f803d1e99ed95c42cb0023ff39e0c21e3b,73e7bae91a1c02156431ddc1c072c06d32517e287b5aa6314203f416cff1b252
158,spinless,physical-spinless-det-sign-Pin-minus,w1(V)=determinant-parity,w2(V)+w1(V)^2,zero,normalized-pip-aw-edge-transport-v2,[2],[2],[2],[],"[2, 2, 2]",,gauge-zero-complete-marked-stacking,,,True,[],8a8372250d9a1152049645b1b4441255bf8bb6e06123ce1dc6415a319db77ae8,73e7bae91a1c02156431ddc1c072c06d32517e287b5aa6314203f416cff1b252
159,spinless,physical-spinless-det-sign-Pin-minus,w1(V)=determinant-parity,w2(V)+w1(V)^2,zero,normalized-pip-aw-edge-transport-v2,[2],[2],[2],[3],"[2, 2, 6]",,gauge-zero-complete-marked-stacking,,,True,[],001c25f59d447a868b84b43e262d441d850c26bf47df3e7681ded5cf3240affe,73e7bae91a1c02156431ddc1c072c06d32517e287b5aa6314203f416cff1b252
160,spinless,physical-spinless-det-sign-Pin-minus,w1(V)=determinant-parity,w2(V)+w1(V)^2,nonzero,normalized-pip-aw-edge-transport-v2,[2],"[2, 2, 2]","[2, 2, 2]","[2, 2]","[2, 2, 2, 2, 2, 16]","[[2, 2, 2, 2, 2, 16]]",abstract-upper-family-single-group,,,False,[],c6202b5a814fc6dad6008503b81227c5d6ee9754bdee0965be607c2610b01bc2,73e7bae91a1c02156431ddc1c072c06d32517e287b5aa6314203f416cff1b252
161,spinless,physical-spinless-det-sign-Pin-minus,w1(V)=determinant-parity,w2(V)+w1(V)^2,zero,normalized-pip-aw-edge-transport-v2,[2],[2],[2],[],"[2, 2, 2]",,gauge-zero-complete-marked-stacking,,,True,[],5761d3d684c7453f457f28f09406ba852f5b6538408d95bd8c3f01b4538f5cee,73e7bae91a1c02156431ddc1c072c06d32517e287b5aa6314203f416cff1b252
162,spinless,physical-spinless-det-sign-Pin-minus,w1(V)=determinant-parity,w2(V)+w1(V)^2,nonzero,normalized-pip-aw-edge-transport-v2,[],[2],"[2, 2, 2, 2]","[2, 2, 2, 2]","[2, 2, 2, 2, 2, 2, 8]",,nonzero-background-complete-lower-stacking,,,True,[],78e1f0f6dac3d469e4502218403ee1922df057efaf34bd493af6939d3dd6d411,73e7bae91a1c02156431ddc1c072c06d32517e287b5aa6314203f416cff1b252
163,spinless,physical-spinless-det-sign-Pin-minus,w1(V)=determinant-parity,w2(V)+w1(V)^2,nonzero,normalized-pip-aw-edge-transport-v2,[],[2],"[2, 2]",[2],"[2, 2, 2, 2]",,nonzero-background-complete-lower-stacking,,,True,[],27a4064d11f15f857d3078b7e32deed310145b4b9acd55d45991a830f0c08866,73e7bae91a1c02156431ddc1c072c06d32517e287b5aa6314203f416cff1b252
164,spinless,physical-spinless-det-sign-Pin-minus,w1(V)=determinant-parity,w2(V)+w1(V)^2,nonzero,normalized-pip-aw-edge-transport-v2,[],[2],"[2, 2, 2, 2]","[2, 2, 2, 2]","[2, 2, 2, 2, 2, 2, 8]",,nonzero-background-complete-lower-stacking,,,True,[],576efa4ed257a89a298bcc2620241a7b313058661e7123828b4705ca7f6e2fd2,73e7bae91a1c02156431ddc1c072c06d32517e287b5aa6314203f416cff1b252
165,spinless,physical-spinless-det-sign-Pin-minus,w1(V)=determinant-parity,w2(V)+w1(V)^2,nonzero,normalized-pip-aw-edge-transport-v2,[],[2],"[2, 2]",[2],"[2, 2, 2, 2]",,nonzero-background-complete-lower-stacking,,,True,[],206df835e24eec4873371cdfbfefd804ddb4601c87a63f0fca981ef30c8594cf,73e7bae91a1c02156431ddc1c072c06d32517e287b5aa6314203f416cff1b252
166,spinless,physical-spinless-det-sign-Pin-minus,w1(V)=determinant-parity,w2(V)+w1(V)^2,nonzero,normalized-pip-aw-edge-transport-v2,[],[2],"[2, 2, 2, 2]","[2, 2, 2, 2]","[2, 2, 2, 2, 2, 2, 8]",,nonzero-background-complete-lower-stacking,,,True,[],f61aa31c506a2d94f83b48bf6aa4a3615483e398e0482bcb2c85f081e66991b7,73e7bae91a1c02156431ddc1c072c06d32517e287b5aa6314203f416cff1b252
167,spinless,physical-spinless-det-sign-Pin-minus,w1(V)=determinant-parity,w2(V)+w1(V)^2,nonzero,normalized-pip-aw-edge-transport-v2,[],[2],"[2, 2]",[2],"[2, 2, 2, 2]",,nonzero-background-complete-lower-stacking,,,True,[],ec0ab120abf9c97582449b62a16115d165f48b82bc08e12810abf7371039a2a3,73e7bae91a1c02156431ddc1c072c06d32517e287b5aa6314203f416cff1b252
168,spinless,physical-spinless-det-sign-Pin-minus,w1(V)=determinant-parity,w2(V)+w1(V)^2,nonzero,normalized-pip-aw-edge-transport-v2,[0],[2],"[2, 2]","[3, 6]","[0, 2, 2, 6, 6]",,nonzero-background-complete-lower-stacking,2,2,True,[],fd6308eddaaa757593d2cb5c210a4b45577d505b7c1ab8fed7f15ffef88f103f,73e7bae91a1c02156431ddc1c072c06d32517e287b5aa6314203f416cff1b252
169,spinless,physical-spinless-det-sign-Pin-minus,w1(V)=determinant-parity,w2(V)+w1(V)^2,zero,normalized-pip-aw-edge-transport-v2,[0],[2],[2],[],"[0, 2, 2]",,gauge-zero-complete-marked-stacking,1,,True,[],86856ca9d1e64b3aac288354df3d20b7092e40a7bbbf12192c21600f546d68c6,73e7bae91a1c02156431ddc1c072c06d32517e287b5aa6314203f416cff1b252
170,spinless,physical-spinless-det-sign-Pin-minus,w1(V)=determinant-parity,w2(V)+w1(V)^2,zero,normalized-pip-aw-edge-transport-v2,[0],[2],[2],[],"[0, 2, 2]",,gauge-zero-complete-marked-stacking,1,,True,[],f5a2c7331c88b6b66f7fee9eebf1279a12fc8c1d168495b1614d29bc74998b91,73e7bae91a1c02156431ddc1c072c06d32517e287b5aa6314203f416cff1b252
171,spinless,physical-spinless-det-sign-Pin-minus,w1(V)=determinant-parity,w2(V)+w1(V)^2,nonzero,normalized-pip-aw-edge-transport-v2,[0],[2],"[2, 2]",[2],"[0, 2, 2, 2, 2]",,nonzero-background-complete-lower-stacking,2,2,True,[],53fc5fd24bad33a898ac69c6083f00e3411813e3582b9d6e6256627646d238c0,73e7bae91a1c02156431ddc1c072c06d32517e287b5aa6314203f416cff1b252
172,spinless,physical-spinless-det-sign-Pin-minus,w1(V)=determinant-parity,w2(V)+w1(V)^2,nonzero,normalized-pip-aw-edge-transport-v2,[0],[2],"[2, 2]",[2],"[0, 2, 2, 2, 2]",,nonzero-background-complete-lower-stacking,2,2,True,[],45f72c4eb59a60769a3a64b405ea56378c7fb38bb811ca0d9b0f5738d96c6842,73e7bae91a1c02156431ddc1c072c06d32517e287b5aa6314203f416cff1b252
173,spinless,physical-spinless-det-sign-Pin-minus,w1(V)=determinant-parity,w2(V)+w1(V)^2,zero,normalized-pip-aw-edge-transport-v2,[0],[2],[2],"[3, 3]","[0, 6, 6]",,gauge-zero-complete-marked-stacking,1,,True,[],18884743cc25ec0d74330022850b8953fe76cbe1870c4a7fe6f15d153dd9dd27,73e7bae91a1c02156431ddc1c072c06d32517e287b5aa6314203f416cff1b252
174,spinless,physical-spinless-det-sign-Pin-minus,w1(V)=determinant-parity,w2(V)+w1(V)^2,nonzero,normalized-pip-aw-edge-transport-v2,"[0, 2]","[2, 2]","[2, 2, 2, 2]","[6, 6, 6]","[0, 2, 2, 6, 24, 48]","[[0, 2, 2, 6, 24, 48]]",abstract-upper-family-single-group,1,,False,[],d90de95d710ce6344d0f703a01b40b785de16ca084cc55ee401ee66b47466fbc,73e7bae91a1c02156431ddc1c072c06d32517e287b5aa6314203f416cff1b252
175,spinless,physical-spinless-det-sign-Pin-minus,w1(V)=determinant-parity,w2(V)+w1(V)^2,nonzero,normalized-pip-aw-edge-transport-v2,[0],[2],"[2, 2, 2, 2]","[2, 2, 2, 6, 6]","[0, 2, 2, 2, 2, 2, 12, 24]",,nonzero-background-complete-lower-stacking,2,,True,[],913687b5ae6653d9edf3c74cd2c67b5c46896bb1e9d105510a806888985a15c8,73e7bae91a1c02156431ddc1c072c06d32517e287b5aa6314203f416cff1b252
176,spinless,physical-spinless-det-sign-Pin-minus,w1(V)=determinant-parity,w2(V)+w1(V)^2,nonzero,normalized-pip-aw-edge-transport-v2,[0],[2],"[2, 2, 2]","[6, 6]","[0, 2, 2, 6, 24]",,nonzero-background-complete-lower-stacking,1,,True,[],f79b36f5da2cd1382436f4f4ddfb7dacbf90ef432e951d2e3fa4e03b62122a04,73e7bae91a1c02156431ddc1c072c06d32517e287b5aa6314203f416cff1b252
177,spinless,physical-spinless-det-sign-Pin-minus,w1(V)=determinant-parity,w2(V)+w1(V)^2,nonzero,normalized-pip-aw-edge-transport-v2,[],[],"[2, 2, 2]","[2, 2, 2]","[2, 2, 2, 2, 2, 2]",,nonzero-background-complete-lower-stacking,,4,True,[],fccfe23ee6b72f1edee19f0bdfda3cb10d6fc7a568dc3cce80e59a6f38a7a899,73e7bae91a1c02156431ddc1c072c06d32517e287b5aa6314203f416cff1b252
178,spinless,physical-spinless-det-sign-Pin-minus,w1(V)=determinant-parity,w2(V)+w1(V)^2,nonzero,normalized-pip-aw-edge-transport-v2,[],[2],"[2, 2]",[2],"[2, 2, 2, 2]",,nonzero-background-complete-lower-stacking,,2,True,[],52d70c2d7756e41fb798f76ab90d6ab072dfba90c882eba0db9a426e7e9bcaa7,73e7bae91a1c02156431ddc1c072c06d32517e287b5aa6314203f416cff1b252
179,spinless,physical-spinless-det-sign-Pin-minus,w1(V)=determinant-parity,w2(V)+w1(V)^2,nonzero,normalized-pip-aw-edge-transport-v2,[],[2],"[2, 2]",[2],"[2, 2, 2, 2]",,nonzero-background-complete-lower-stacking,,2,True,[],6ea7bceedec886e392dd2e4ae8420c90bae341b1c941036951313d2f2f495ea6,73e7bae91a1c02156431ddc1c072c06d32517e287b5aa6314203f416cff1b252
180,spinless,physical-spinless-det-sign-Pin-minus,w1(V)=determinant-parity,w2(V)+w1(V)^2,nonzero,normalized-pip-aw-edge-transport-v2,[],[],"[2, 2, 2]","[2, 2, 2]","[2, 2, 2, 2, 2, 2]",,nonzero-background-complete-lower-stacking,,4,True,[],c14197bc1efd11347cef87ae5e20467e5b721dc66ae1049a767d0f6f0a2d4cfc,73e7bae91a1c02156431ddc1c072c06d32517e287b5aa6314203f416cff1b252
181,spinless,physical-spinless-det-sign-Pin-minus,w1(V)=determinant-parity,w2(V)+w1(V)^2,nonzero,normalized-pip-aw-edge-transport-v2,[],[],"[2, 2, 2]","[2, 2, 2]","[2, 2, 2, 2, 2, 2]",,nonzero-background-complete-lower-stacking,,4,True,[],837f7ece9932f9a6deafdaf138aaa1995b203a63d464d341a1adda7d38b2f5ea,73e7bae91a1c02156431ddc1c072c06d32517e287b5aa6314203f416cff1b252
182,spinless,physical-spinless-det-sign-Pin-minus,w1(V)=determinant-parity,w2(V)+w1(V)^2,nonzero,normalized-pip-aw-edge-transport-v2,[],[2],"[2, 2]",[2],"[2, 2, 2, 2]",,nonzero-background-complete-lower-stacking,,2,True,[],0d86d167a940f10b43b6beb7284b405542e2376cf3794268b060bf8a9ce6ccea,73e7bae91a1c02156431ddc1c072c06d32517e287b5aa6314203f416cff1b252
183,spinless,physical-spinless-det-sign-Pin-minus,w1(V)=determinant-parity,w2(V)+w1(V)^2,nonzero,normalized-pip-aw-edge-transport-v2,[],"[2, 2]","[2, 2, 2, 2]","[2, 2, 2, 2, 2]","[2, 2, 2, 2, 2, 2, 2, 2, 2, 2, 2]",,nonzero-background-complete-lower-stacking,,,True,[],ef4df8eef97c3cb8f3bef8b1508c6363730418560720378fa285eae417f79db2,73e7bae91a1c02156431ddc1c072c06d32517e287b5aa6314203f416cff1b252
184,spinless,physical-spinless-det-sign-Pin-minus,w1(V)=determinant-parity,w2(V)+w1(V)^2,nonzero,normalized-pip-aw-edge-transport-v2,[],"[2, 2]","[2, 2]",[2],"[2, 2, 2, 2, 2]",,nonzero-background-complete-lower-stacking,,,True,[],82df3017ebddb3560bd1fde19975f53d37911961dd9e20a9e7fc4c0566c66ae5,73e7bae91a1c02156431ddc1c072c06d32517e287b5aa6314203f416cff1b252
185,spinless,physical-spinless-det-sign-Pin-minus,w1(V)=determinant-parity,w2(V)+w1(V)^2,nonzero,normalized-pip-aw-edge-transport-v2,[],"[2, 2]","[2, 2]","[2, 2]","[2, 2, 2, 2, 2, 2]",,nonzero-background-complete-lower-stacking,,,True,[],c8a2dccf69f067183d0a9002e37b298514d2457b3f1189526192bad647c13453,73e7bae91a1c02156431ddc1c072c06d32517e287b5aa6314203f416cff1b252
186,spinless,physical-spinless-det-sign-Pin-minus,w1(V)=determinant-parity,w2(V)+w1(V)^2,nonzero,normalized-pip-aw-edge-transport-v2,[],"[2, 2]","[2, 2]","[2, 2]","[2, 2, 2, 2, 2, 2]",,nonzero-background-complete-lower-stacking,,,True,[],debbd4e0e81d0863a903a05bc58887771c26a7d1ad2b101f6228d4fc28842e95,73e7bae91a1c02156431ddc1c072c06d32517e287b5aa6314203f416cff1b252
187,spinless,physical-spinless-det-sign-Pin-minus,w1(V)=determinant-parity,w2(V)+w1(V)^2,nonzero,normalized-pip-aw-edge-transport-v2,[],"[2, 2]","[2, 2, 2]","[2, 2, 2, 2, 2, 2]","[2, 2, 2, 2, 2, 2, 2, 2, 2, 2, 2]",,nonzero-background-complete-lower-stacking,,,True,[],6a7796677954d90c1b96b26da57830dbd73707e17cc6ae8fab68a5552fae3de4,73e7bae91a1c02156431ddc1c072c06d32517e287b5aa6314203f416cff1b252
188,spinless,physical-spinless-det-sign-Pin-minus,w1(V)=determinant-parity,w2(V)+w1(V)^2,nonzero,normalized-pip-aw-edge-transport-v2,[2],"[2, 2]","[2, 2, 2]","[2, 2]","[2, 2, 2, 2, 16]","[[2, 2, 2, 2, 16]]",abstract-upper-family-single-group,,,False,[],c4d400b2b0cb913d1df542cc6654a3386b1face3b01557047fb7c830b8d2745d,73e7bae91a1c02156431ddc1c072c06d32517e287b5aa6314203f416cff1b252
189,spinless,physical-spinless-det-sign-Pin-minus,w1(V)=determinant-parity,w2(V)+w1(V)^2,nonzero,normalized-pip-aw-edge-transport-v2,[],"[2, 2]","[2, 2, 2]","[2, 2, 2, 2, 2, 6]","[2, 2, 2, 2, 2, 2, 2, 2, 2, 2, 6]",,nonzero-background-complete-lower-stacking,,,True,[],d4fed3e29e3ed8450b974e9455013c8f4b53715beb3c548db32d5803c282e530,73e7bae91a1c02156431ddc1c072c06d32517e287b5aa6314203f416cff1b252
190,spinless,physical-spinless-det-sign-Pin-minus,w1(V)=determinant-parity,w2(V)+w1(V)^2,nonzero,normalized-pip-aw-edge-transport-v2,[2],"[2, 2]","[2, 2, 2]","[2, 6]","[2, 2, 2, 2, 48]","[[2, 2, 2, 2, 48]]",abstract-upper-family-single-group,,,False,[],9f23938318039d9aca8a950e51977c0061634e11a04ad70bf4a8c3301044b9e4,73e7bae91a1c02156431ddc1c072c06d32517e287b5aa6314203f416cff1b252
191,spinless,physical-spinless-det-sign-Pin-minus,w1(V)=determinant-parity,w2(V)+w1(V)^2,nonzero,normalized-pip-aw-edge-transport-v2,[],[],"[2, 2, 2, 2]","[2, 2, 2, 2, 2, 2, 2, 2, 2, 2, 2, 2, 2]","[2, 2, 2, 2, 2, 2, 2, 2, 2, 2, 2, 2, 2, 2, 2, 2, 2]",,nonzero-background-complete-lower-stacking,,,True,[],a613a3ba8f4e521a099bbe843b70b86744d37e55dfd0aa79fe9adde795822583,73e7bae91a1c02156431ddc1c072c06d32517e287b5aa6314203f416cff1b252
192,spinless,physical-spinless-det-sign-Pin-minus,w1(V)=determinant-parity,w2(V)+w1(V)^2,nonzero,normalized-pip-aw-edge-transport-v2,[],[2],"[2, 2, 2, 2]","[2, 2, 2, 2]","[2, 2, 2, 2, 2, 2, 8]",,nonzero-background-complete-lower-stacking,,,True,[],f41f721888c2b998562b69c35908596581675952303bc5c875bbfc8426df28f2,73e7bae91a1c02156431ddc1c072c06d32517e287b5aa6314203f416cff1b252
193,spinless,physical-spinless-det-sign-Pin-minus,w1(V)=determinant-parity,w2(V)+w1(V)^2,nonzero,normalized-pip-aw-edge-transport-v2,[],[2],"[2, 2, 2]","[2, 2, 2, 2, 2]","[2, 2, 2, 2, 2, 2, 2, 2, 2]",,nonzero-background-complete-lower-stacking,,,True,[],fe04e76d69802b8ca2ea715d0b8b6bb33ad6bdc5a5c34a43b8daf2866bac6dbc,73e7bae91a1c02156431ddc1c072c06d32517e287b5aa6314203f416cff1b252
194,spinless,physical-spinless-det-sign-Pin-minus,w1(V)=determinant-parity,w2(V)+w1(V)^2,nonzero,normalized-pip-aw-edge-transport-v2,[],[2],"[2, 2, 2]","[2, 2, 2, 2, 2]","[2, 2, 2, 2, 2, 2, 2, 2, 2]",,nonzero-background-complete-lower-stacking,,,True,[],74525e1a5f93cb9dc61fa324793960773cef616a9758e9bbf8608122073eef02,73e7bae91a1c02156431ddc1c072c06d32517e287b5aa6314203f416cff1b252
195,spinless,physical-spinless-det-sign-Pin-minus,w1(V)=determinant-parity,w2(V)+w1(V)^2,nonzero,normalized-pip-aw-edge-transport-v2,[],[],"[2, 2, 2]",[6],"[2, 2, 2, 6]",,nonzero-background-complete-lower-stacking,,4,True,[],42b1b77a72ffd5ebb7eeb19455418f0eb4aed28a7eb893a0db0242980f87dd94,73e7bae91a1c02156431ddc1c072c06d32517e287b5aa6314203f416cff1b252
196,spinless,physical-spinless-det-sign-Pin-minus,w1(V)=determinant-parity,w2(V)+w1(V)^2,nonzero,normalized-pip-aw-edge-transport-v2,[],[2],"[2, 2, 2]",[3],"[2, 2, 12]",,nonzero-background-complete-lower-stacking,,4,True,[],f751d054153d876dd34b82dcd352160b053b60b52974e0e3597bd74b995d4270,73e7bae91a1c02156431ddc1c072c06d32517e287b5aa6314203f416cff1b252
197,spinless,physical-spinless-det-sign-Pin-minus,w1(V)=determinant-parity,w2(V)+w1(V)^2,nonzero,normalized-pip-aw-edge-transport-v2,[],[],"[2, 2]",[3],"[2, 6]",,nonzero-background-complete-lower-stacking,,4,True,[],873a2344e82ebcc07f2c2d94898b9d418b32778a049d86b00b6c8a30f5c7d89d,73e7bae91a1c02156431ddc1c072c06d32517e287b5aa6314203f416cff1b252
198,spinless,physical-spinless-det-sign-Pin-minus,w1(V)=determinant-parity,w2(V)+w1(V)^2,zero,normalized-pip-aw-edge-transport-v2,[],[],[2],[3],[6],,gauge-zero-complete-marked-stacking,,,True,[],065821a0c177c79197fa7ba2f15fe719d5ba1fce5cf618601b2ca051a3336fb0,73e7bae91a1c02156431ddc1c072c06d32517e287b5aa6314203f416cff1b252
199,spinless,physical-spinless-det-sign-Pin-minus,w1(V)=determinant-parity,w2(V)+w1(V)^2,nonzero,normalized-pip-aw-edge-transport-v2,[],[],[2],[6],"[2, 6]",,nonzero-background-complete-lower-stacking,,2,True,[],0fb88f276f97f38a8eb7f635f24ba38e7f0eaa23bc7dcf1dad06a815eec6be1b,73e7bae91a1c02156431ddc1c072c06d32517e287b5aa6314203f416cff1b252
200,spinless,physical-spinless-det-sign-Pin-minus,w1(V)=determinant-parity,w2(V)+w1(V)^2,nonzero,normalized-pip-aw-edge-transport-v2,[],[],"[2, 2, 2, 2]","[2, 2, 2, 2, 2, 2, 2, 2, 6]","[2, 2, 2, 2, 2, 2, 2, 2, 2, 2, 2, 2, 6]",,nonzero-background-complete-lower-stacking,,,True,[],322e2c149f4233dc05891c5b1970e73bdab18c7cd8f22804454fbcae968fabf6,73e7bae91a1c02156431ddc1c072c06d32517e287b5aa6314203f416cff1b252
201,spinless,physical-spinless-det-sign-Pin-minus,w1(V)=determinant-parity,w2(V)+w1(V)^2,nonzero,normalized-pip-aw-edge-transport-v2,[],[2],"[2, 2, 2]",[6],"[2, 2, 2, 12]",,nonzero-background-complete-lower-stacking,,,True,[],089edbc8ad9c8f42bc8f5805bc113ac99bdebf13192600177cfc068891ef56ef,73e7bae91a1c02156431ddc1c072c06d32517e287b5aa6314203f416cff1b252
202,spinless,physical-spinless-det-sign-Pin-minus,w1(V)=determinant-parity,w2(V)+w1(V)^2,nonzero,normalized-pip-aw-edge-transport-v2,[],[],"[2, 2, 2, 2]","[2, 2, 6]","[2, 2, 2, 2, 2, 2, 6]",,nonzero-background-complete-lower-stacking,,,True,[],e2268c893036fd7506eae082d9678a7faaa6694c2007b53fd0aca75796434ff0,73e7bae91a1c02156431ddc1c072c06d32517e287b5aa6314203f416cff1b252
203,spinless,physical-spinless-det-sign-Pin-minus,w1(V)=determinant-parity,w2(V)+w1(V)^2,nonzero,normalized-pip-aw-edge-transport-v2,[],[2],"[2, 2, 2]",[3],"[2, 2, 12]",,nonzero-background-complete-lower-stacking,,,True,[],2087c03e8b9c5fd856f0b464bf6cf5eb7e4d1827ebdd68035b45772578af64c2,73e7bae91a1c02156431ddc1c072c06d32517e287b5aa6314203f416cff1b252
204,spinless,physical-spinless-det-sign-Pin-minus,w1(V)=determinant-parity,w2(V)+w1(V)^2,nonzero,normalized-pip-aw-edge-transport-v2,[],[],"[2, 2]","[2, 2, 2, 2, 6]","[2, 2, 2, 2, 2, 2, 6]",,nonzero-background-complete-lower-stacking,,,True,[],023cb61b8d116c47424d8ef074728f87b57f42b5acbfdc42efc36967c8153f26,73e7bae91a1c02156431ddc1c072c06d32517e287b5aa6314203f416cff1b252
205,spinless,physical-spinless-det-sign-Pin-minus,w1(V)=determinant-parity,w2(V)+w1(V)^2,zero,normalized-pip-aw-edge-transport-v2,[],[],[2],[6],"[2, 6]",,gauge-zero-complete-marked-stacking,,,True,[],e0d1c5908263e9464867aa43062c631b62e17679df5f3a072d229542b0a6d9f3,73e7bae91a1c02156431ddc1c072c06d32517e287b5aa6314203f416cff1b252
206,spinless,physical-spinless-det-sign-Pin-minus,w1(V)=determinant-parity,w2(V)+w1(V)^2,nonzero,normalized-pip-aw-edge-transport-v2,[],[2],"[2, 2]",[6],"[2, 2, 2, 6]",,nonzero-background-complete-lower-stacking,,,True,[],b9daeec5dfe5eb2a773b0f843ec5db0d81c085e52d673517c8914c0baa4f1475,73e7bae91a1c02156431ddc1c072c06d32517e287b5aa6314203f416cff1b252
207,spinless,physical-spinless-det-sign-Pin-minus,w1(V)=determinant-parity,w2(V)+w1(V)^2,nonzero,normalized-pip-aw-edge-transport-v2,[],[],"[2, 2, 2, 2, 2, 2]","[2, 2]","[2, 2, 2, 2, 2, 2, 2, 2]",,nonzero-background-complete-lower-stacking,,4,True,[],51769d0df605d0fc5b901b8ca3a65acc0b75f4fd4057a239dca1ff33a5c08d00,73e7bae91a1c02156431ddc1c072c06d32517e287b5aa6314203f416cff1b252
208,spinless,physical-spinless-det-sign-Pin-minus,w1(V)=determinant-parity,w2(V)+w1(V)^2,nonzero,normalized-pip-aw-edge-transport-v2,[],[],"[2, 2, 2]","[2, 2]","[2, 2, 2, 2, 2]",,nonzero-background-complete-lower-stacking,,4,True,[],29444ca7feb8408fa0bfb26faee36504f7cc52ce1b26f363fe94b8b3a7360381,73e7bae91a1c02156431ddc1c072c06d32517e287b5aa6314203f416cff1b252
209,spinless,physical-spinless-det-sign-Pin-minus,w1(V)=determinant-parity,w2(V)+w1(V)^2,nonzero,normalized-pip-aw-edge-transport-v2,[],[],"[2, 2, 2, 2]",[2],"[2, 2, 2, 2, 2]",,nonzero-background-complete-lower-stacking,,4,True,[],007e0b5bec180574a3034ff1b7545987effa26d3339fba92e5c3522632d32939,73e7bae91a1c02156431ddc1c072c06d32517e287b5aa6314203f416cff1b252
210,spinless,physical-spinless-det-sign-Pin-minus,w1(V)=determinant-parity,w2(V)+w1(V)^2,nonzero,normalized-pip-aw-edge-transport-v2,[],[2],"[2, 2]",[],"[2, 2, 2]",,nonzero-background-complete-lower-stacking,,4,True,[],3c6bab6078655c6d529edfa881e51e4297ebc9199489866db4ce0d11c368406f,73e7bae91a1c02156431ddc1c072c06d32517e287b5aa6314203f416cff1b252
211,spinless,physical-spinless-det-sign-Pin-minus,w1(V)=determinant-parity,w2(V)+w1(V)^2,nonzero,normalized-pip-aw-edge-transport-v2,[],[],"[2, 2, 2]","[2, 2]","[2, 2, 2, 2, 2]",,nonzero-background-complete-lower-stacking,,4,True,[],c9aebbc4b162b7fe1137e1c24aedb679b5a88cf3ccb07122211f38579c1e74b6,73e7bae91a1c02156431ddc1c072c06d32517e287b5aa6314203f416cff1b252
212,spinless,physical-spinless-det-sign-Pin-minus,w1(V)=determinant-parity,w2(V)+w1(V)^2,nonzero,normalized-pip-aw-edge-transport-v2,[],[],[2],[2],"[2, 2]",,nonzero-background-complete-lower-stacking,,2,True,[],120489fe646001cfc8a000c200ef226b9cfad1922f24bcffb6410905138c1d4c,73e7bae91a1c02156431ddc1c072c06d32517e287b5aa6314203f416cff1b252
213,spinless,physical-spinless-det-sign-Pin-minus,w1(V)=determinant-parity,w2(V)+w1(V)^2,nonzero,normalized-pip-aw-edge-transport-v2,[],[],[2],[2],"[2, 2]",,nonzero-background-complete-lower-stacking,,2,True,[],52e6bff5fa57622715588b251a90ccbc065eb68da138a3beae453c4acfb8379c,73e7bae91a1c02156431ddc1c072c06d32517e287b5aa6314203f416cff1b252
214,spinless,physical-spinless-det-sign-Pin-minus,w1(V)=determinant-parity,w2(V)+w1(V)^2,nonzero,normalized-pip-aw-edge-transport-v2,[],[],[2],"[2, 2]","[2, 2, 2]",,nonzero-background-complete-lower-stacking,,4,True,[],7d6b3a5a3649581d5a80f3bb47576cb7b563bcb73e070304c5fd2cfe109f5ff7,73e7bae91a1c02156431ddc1c072c06d32517e287b5aa6314203f416cff1b252
215,spinless,physical-spinless-det-sign-Pin-minus,w1(V)=determinant-parity,w2(V)+w1(V)^2,nonzero,normalized-pip-aw-edge-transport-v2,[],[],"[2, 2, 2, 2, 2, 2]","[2, 2, 2, 2]","[2, 2, 2, 2, 2, 2, 2, 2, 2, 2]",,nonzero-background-complete-lower-stacking,,,True,[],29309eb343bd58db21477544c7baa75bd5327b65598c83ca2d8fe682730785ef,73e7bae91a1c02156431ddc1c072c06d32517e287b5aa6314203f416cff1b252
216,spinless,physical-spinless-det-sign-Pin-minus,w1(V)=determinant-parity,w2(V)+w1(V)^2,nonzero,normalized-pip-aw-edge-transport-v2,[],[],"[2, 2, 2, 2, 2, 2]","[2, 2, 2, 2]","[2, 2, 2, 2, 2, 2, 2, 2, 2, 2]",,nonzero-background-complete-lower-stacking,,,True,[],e79aa2bd35382c22904881b25a7daa8bf3741e300a0578f4465679570d9da88c,73e7bae91a1c02156431ddc1c072c06d32517e287b5aa6314203f416cff1b252
217,spinless,physical-spinless-det-sign-Pin-minus,w1(V)=determinant-parity,w2(V)+w1(V)^2,nonzero,normalized-pip-aw-edge-transport-v2,[],[2],"[2, 2, 2]","[2, 2, 2, 2]","[2, 2, 2, 2, 2, 2, 2, 2]",,nonzero-background-complete-lower-stacking,,,True,[],f2b386e8bab08179e4013e1fcf9e5c8f1e0cd8132f3fd2423201be3b14a45312,73e7bae91a1c02156431ddc1c072c06d32517e287b5aa6314203f416cff1b252
218,spinless,physical-spinless-det-sign-Pin-minus,w1(V)=determinant-parity,w2(V)+w1(V)^2,nonzero,normalized-pip-aw-edge-transport-v2,[],[2],"[2, 2, 2]","[2, 2]","[2, 2, 2, 2, 4]",,nonzero-background-complete-lower-stacking,,,True,[],1c8468b3b4c28eac9e98d00b283f18e378f6d57596e114bc8463bd8ab6e26993,73e7bae91a1c02156431ddc1c072c06d32517e287b5aa6314203f416cff1b252
219,spinless,physical-spinless-det-sign-Pin-minus,w1(V)=determinant-parity,w2(V)+w1(V)^2,nonzero,normalized-pip-aw-edge-transport-v2,[],"[2, 2]","[2, 2, 2]","[2, 2]","[2, 2, 2, 4, 4]",,nonzero-background-complete-lower-stacking,,,True,[],68aef1a713bced403fdee51941126dc44516eba0ae613bdd655e59e3a206efec,73e7bae91a1c02156431ddc1c072c06d32517e287b5aa6314203f416cff1b252
220,spinless,physical-spinless-det-sign-Pin-minus,w1(V)=determinant-parity,w2(V)+w1(V)^2,nonzero,normalized-pip-aw-edge-transport-v2,[],[2],[2],"[2, 4]","[2, 4, 4]",,nonzero-background-complete-lower-stacking,,,True,[],3bd4a705bd5ee3f31dc4d2dddb148e0bba1047f740cbae51bfbef917fc82b633,73e7bae91a1c02156431ddc1c072c06d32517e287b5aa6314203f416cff1b252
221,spinless,physical-spinless-det-sign-Pin-minus,w1(V)=determinant-parity,w2(V)+w1(V)^2,nonzero,normalized-pip-aw-edge-transport-v2,[],[],"[2, 2, 2, 2, 2, 2]","[2, 2, 2, 2, 2, 2, 2, 2, 2, 2, 2]","[2, 2, 2, 2, 2, 2, 2, 2, 2, 2, 2, 2, 2, 2, 2, 2, 2]",,nonzero-background-complete-lower-stacking,,,True,[],f28b927424d49e4d63ab2e6e1c929a8664e176b8bee1c24b21f08f38ba31517e,73e7bae91a1c02156431ddc1c072c06d32517e287b5aa6314203f416cff1b252
222,spinless,physical-spinless-det-sign-Pin-minus,w1(V)=determinant-parity,w2(V)+w1(V)^2,nonzero,normalized-pip-aw-edge-transport-v2,[],[2],"[2, 2, 2, 2]","[2, 2]","[2, 2, 2, 2, 2, 4]",,nonzero-background-complete-lower-stacking,,,True,[],81d882774004ab5993266ba19db777b777038993d1656087fe1c0c3b9e6449ba,73e7bae91a1c02156431ddc1c072c06d32517e287b5aa6314203f416cff1b252
223,spinless,physical-spinless-det-sign-Pin-minus,w1(V)=determinant-parity,w2(V)+w1(V)^2,nonzero,normalized-pip-aw-edge-transport-v2,[],[],"[2, 2, 2, 2]","[2, 2, 2, 2, 2, 2]","[2, 2, 2, 2, 2, 2, 2, 2, 2, 2]",,nonzero-background-complete-lower-stacking,,,True,[],713fc35aa773e20f03bea5c8654db154450b5f5500698c850d452c19fe9ca816,73e7bae91a1c02156431ddc1c072c06d32517e287b5aa6314203f416cff1b252
224,spinless,physical-spinless-det-sign-Pin-minus,w1(V)=determinant-parity,w2(V)+w1(V)^2,nonzero,normalized-pip-aw-edge-transport-v2,[],[],"[2, 2, 2, 2, 2]","[2, 2, 2, 2]","[2, 2, 2, 2, 2, 2, 2, 2, 2]",,nonzero-background-complete-lower-stacking,,,True,[],47a4b5aaaf5cb6dd749bb4673b52b07fddf108d147841f0ee702f31b80559de6,73e7bae91a1c02156431ddc1c072c06d32517e287b5aa6314203f416cff1b252
225,spinless,physical-spinless-det-sign-Pin-minus,w1(V)=determinant-parity,w2(V)+w1(V)^2,nonzero,normalized-pip-aw-edge-transport-v2,[],[],"[2, 2, 2, 2, 2]","[2, 2, 2, 2, 2, 2, 2, 2]","[2, 2, 2, 2, 2, 2, 2, 2, 2, 2, 2, 2, 2]",,nonzero-background-complete-lower-stacking,,,True,[],5dca098aee37363eccd7e41aee3b7524750021ab773c0954fd006399dd7300bc,73e7bae91a1c02156431ddc1c072c06d32517e287b5aa6314203f416cff1b252
226,spinless,physical-spinless-det-sign-Pin-minus,w1(V)=determinant-parity,w2(V)+w1(V)^2,nonzero,normalized-pip-aw-edge-transport-v2,[],[],"[2, 2, 2, 2, 2]","[2, 2, 2, 2]","[2, 2, 2, 2, 2, 2, 2, 2, 2]",,nonzero-background-complete-lower-stacking,,,True,[],98cbc25771f7b895120a7c24586377e3cb94e2e92babc6e4839565c8f47aae8b,73e7bae91a1c02156431ddc1c072c06d32517e287b5aa6314203f416cff1b252
227,spinless,physical-spinless-det-sign-Pin-minus,w1(V)=determinant-parity,w2(V)+w1(V)^2,nonzero,normalized-pip-aw-edge-transport-v2,[],[],"[2, 2, 2, 2]","[2, 2, 2, 2]","[2, 2, 2, 2, 2, 2, 2, 2]",,nonzero-background-complete-lower-stacking,,,True,[],61d0fffe47332260d49d83a20c8ef6cdf6bd79f8ed77add0e1a112fd053de76e,73e7bae91a1c02156431ddc1c072c06d32517e287b5aa6314203f416cff1b252
228,spinless,physical-spinless-det-sign-Pin-minus,w1(V)=determinant-parity,w2(V)+w1(V)^2,nonzero,normalized-pip-aw-edge-transport-v2,[],"[2, 2]","[2, 2, 2]",[2],"[2, 2, 2, 2, 4]",,nonzero-background-complete-lower-stacking,,,True,[],edcbb330d99731680ba26a8268ce0edc2ff6ca4d3ffc1aade5328c8a5ca3ff19,73e7bae91a1c02156431ddc1c072c06d32517e287b5aa6314203f416cff1b252
229,spinless,physical-spinless-det-sign-Pin-minus,w1(V)=determinant-parity,w2(V)+w1(V)^2,nonzero,normalized-pip-aw-edge-transport-v2,[],[],"[2, 2, 2, 2, 2]","[2, 2, 2, 2, 2, 2, 2]","[2, 2, 2, 2, 2, 2, 2, 2, 2, 2, 2, 2]",,nonzero-background-complete-lower-stacking,,,True,[],c08455a3954e3fe9a80a1e065af77783a74ff312070cfc4af3defc3d95732f14,73e7bae91a1c02156431ddc1c072c06d32517e287b5aa6314203f416cff1b252
230,spinless,physical-spinless-det-sign-Pin-minus,w1(V)=determinant-parity,w2(V)+w1(V)^2,nonzero,normalized-pip-aw-edge-transport-v2,[],[2],"[2, 2]","[2, 2]","[2, 2, 2, 4]",,nonzero-background-complete-lower-stacking,,,True,[],dd828d4d163e8ebfb9a7d3de5a054dfd03dee1b745e40a1e8e60b5ec201f0a7d,73e7bae91a1c02156431ddc1c072c06d32517e287b5aa6314203f416cff1b252
