index,hermann_mauguin,schoenflies,order,crystalline_spin,internal_spin,effective_background,pip,majorana,complex_fermion,bosonic,stacking,source_id,result_path,result_sha256,matrix_set_sha256
1,1,C1,1,crystalline spin-1/2,internal spinless,s=w1; omega=0,[],[],[],[],[],8fceb2f5f3bcaa9205c00962cd2c7c78b493a45f583fb090f246e7ce1637f297,results/point_groups/half_pg1.json,8b0a9a79261fce47eb0d7a2cfa44de22e187c359e33fcedce5ee86781880c695,cd9d5d868c125129cecf57bcdce91ea08e2c89cffd80e91909ed0912811b80b4
2,-1,Ci,2,crystalline spin-1/2,internal spinless,s=w1; omega=0,[],[],[],[],[],8fceb2f5f3bcaa9205c00962cd2c7c78b493a45f583fb090f246e7ce1637f297,results/point_groups/half_pg2.json,6a165b2d08ef769eb32f5ad4ed92a6184123b6d30a05378bbd19d8e89c74d958,de661fcb0921bcd15bd27f7f458091f3fefcb4df5aa863b3d554434513bc31d8
3,2,C2,2,crystalline spin-1/2,internal spinless,s=w1; omega=0,[],[],[],[],[],8fceb2f5f3bcaa9205c00962cd2c7c78b493a45f583fb090f246e7ce1637f297,results/point_groups/half_pg3.json,98c11612200b367d5a67d89bcc48f6d33fb283bc3d00ab827d719295c16f0c40,97d9c5df7bd2bf3599f69775ed6045c976d3379a7e43b4aae264325493d93782
4,m,Cs,2,crystalline spin-1/2,internal spinless,s=w1; omega=0,[],[],[],[],[],8fceb2f5f3bcaa9205c00962cd2c7c78b493a45f583fb090f246e7ce1637f297,results/point_groups/half_pg4.json,f595228c846acf6656560651e7f7ac779accd9b4a547c8f14601c74dec5a040b,330094e3c09d209fe465576e71ffcf0060d786b444149798597574a4d71041aa
5,2/m,C2h,4,crystalline spin-1/2,internal spinless,s=w1; omega=0,[],[],[],[],[],8fceb2f5f3bcaa9205c00962cd2c7c78b493a45f583fb090f246e7ce1637f297,results/point_groups/half_pg5.json,f7a8df110abe5ae8f16df58ee0278ae9a2cdc7a285a20cd321f21a76477d2da4,61b20a0cdb2a216ce0495839a298ddee32a050d6491d6d262ffc39671dc83b87
6,222,D2,4,crystalline spin-1/2,internal spinless,s=w1; omega=0,[],[],[],"[2,2]","[2,2]",8fceb2f5f3bcaa9205c00962cd2c7c78b493a45f583fb090f246e7ce1637f297,results/point_groups/half_pg6.json,fac386edef74fc48217ad3f24c1e2bbcb20de0cc031804ae76831f05c29a9865,b61234d87ca3269af2e26d006c172992aece53dc5efb35221bbc560bb2c15b77
7,mm2,C2v,4,crystalline spin-1/2,internal spinless,s=w1; omega=0,[],[],[],[],[],8fceb2f5f3bcaa9205c00962cd2c7c78b493a45f583fb090f246e7ce1637f297,results/point_groups/half_pg7.json,159e8315a2f70e680521a34207c4acf1e7fcbd6a03beffc55cf6c356d0c79b35,1e59affec72964b87f1d15eceb737eeeebefa27d35db999cae782184052dd5cb
8,mmm,D2h,8,crystalline spin-1/2,internal spinless,s=w1; omega=0,[],[],[],"[2,2,2]","[2,2,2]",8fceb2f5f3bcaa9205c00962cd2c7c78b493a45f583fb090f246e7ce1637f297,results/point_groups/half_pg8.json,61f0bb17f3acb18e9cb5df140dea12a30de603f20ae17e2d6ad324f5a61fa1f7,908248075214bb7fe4e2c3aa44fe9f157b6a98aa23183fcd2ebdded7e905a0d1
9,4,C4,4,crystalline spin-1/2,internal spinless,s=w1; omega=0,[],[],[],[],[],8fceb2f5f3bcaa9205c00962cd2c7c78b493a45f583fb090f246e7ce1637f297,results/point_groups/half_pg9.json,759e3f16d21738a851bbc1ea3678e97ca32e50735c7b8596d20d613ebd55586c,ac9a2c67e3794dee5132140eda7b3cf184fe77273df81625b05c3be482f8bcbd
10,-4,S4,4,crystalline spin-1/2,internal spinless,s=w1; omega=0,[2],[],[2],[],[4],8fceb2f5f3bcaa9205c00962cd2c7c78b493a45f583fb090f246e7ce1637f297,results/point_groups/half_pg10.json,4456f42daaa8d439c986a0e38d8390f87a79b9e8282654070bd7f688180e506e,ecfaec1dd4d1c718a40a4a8f241f35432b1fcc169e345d00aa03ba7adbab2d1c
11,4/m,C4h,8,crystalline spin-1/2,internal spinless,s=w1; omega=0,[],[],[2],[],[2],8fceb2f5f3bcaa9205c00962cd2c7c78b493a45f583fb090f246e7ce1637f297,results/point_groups/half_pg11.json,3f4a0654e78826e38515ff49af44aec2b388d408186c37d7949ee2bfa37c488a,7e32d5988fd84de8cd93a504563d07a13f5a4dcba634f3eec5df49a50a4458ea
12,422,D4,8,crystalline spin-1/2,internal spinless,s=w1; omega=0,[],[],[],"[2,2]","[2,2]",8fceb2f5f3bcaa9205c00962cd2c7c78b493a45f583fb090f246e7ce1637f297,results/point_groups/half_pg12.json,023561b6796edcc3add71cf19926e5241813639d4b023b731857ea7e79813a6d,32a8fe40622ee540e75e3f43df462cc16d1f6e4d078260afc997d186f53b1e88
13,4mm,C4v,8,crystalline spin-1/2,internal spinless,s=w1; omega=0,[],[],[],[],[],8fceb2f5f3bcaa9205c00962cd2c7c78b493a45f583fb090f246e7ce1637f297,results/point_groups/half_pg13.json,fcfd7752436a607499409d009a0aef96b5beacbacc3393055948fa236018f630,14b7f90bd48d62e37498a2efc1520b98419d164e488ef62f3bcbf73fdb82f88b
14,-42m,D2d,8,crystalline spin-1/2,internal spinless,s=w1; omega=0,[],[],[],[2],[2],8fceb2f5f3bcaa9205c00962cd2c7c78b493a45f583fb090f246e7ce1637f297,results/point_groups/half_pg14.json,d86c4dde0a30e2f60b5848f39582ba5aa25921629ed0e3d2b07c57e4d0975e01,da05d5a9d0666f8f19ec338abee1d3cd6a213376ed198ba599859340910b2ef1
15,4/mmm,D4h,16,crystalline spin-1/2,internal spinless,s=w1; omega=0,[],[],[],"[2,2,2]","[2,2,2]",8fceb2f5f3bcaa9205c00962cd2c7c78b493a45f583fb090f246e7ce1637f297,results/point_groups/half_pg15.json,bb3f134774b46d5b943b4d190509c9a23d24b4daebdcebed071f4f53735289de,5098789755ab0d85da9478d485ff1fda1e2518422555896d7526980b45a95b8c
16,3,C3,3,crystalline spin-1/2,internal spinless,s=w1; omega=0,[],[],[],[],[],8fceb2f5f3bcaa9205c00962cd2c7c78b493a45f583fb090f246e7ce1637f297,results/point_groups/half_pg16.json,bcb3566ce5b54eee27a9943ade83bd4841995184b5bc5af7b7c3d41ad6978f50,0c6f5063900907c5b277aee1b8928bffad08158ccd520a908177e8948318803b
17,-3,C3i,6,crystalline spin-1/2,internal spinless,s=w1; omega=0,[],[],[],[],[],8fceb2f5f3bcaa9205c00962cd2c7c78b493a45f583fb090f246e7ce1637f297,results/point_groups/half_pg17.json,a8ee2b9c90e6391d53ef66cf7d46bc9e6b3b1091f26c44f306d95678944b6163,46d66027d48779362b9acf028fdb07cc3c9489cb9a58f850bd035685b6b4407b
18,32,D3,6,crystalline spin-1/2,internal spinless,s=w1; omega=0,[],[],[],[],[],8fceb2f5f3bcaa9205c00962cd2c7c78b493a45f583fb090f246e7ce1637f297,results/point_groups/half_pg18.json,f0d02c70e4daae11c731a03954cd4ab339cd494e49792270aa0fa2cdfd4221fd,8c0e05f0c584f4a1fe6d1bdd60bb0a0a0278602f511fd2c477f7a9f08de76a94
19,3m,C3v,6,crystalline spin-1/2,internal spinless,s=w1; omega=0,[],[],[],[],[],8fceb2f5f3bcaa9205c00962cd2c7c78b493a45f583fb090f246e7ce1637f297,results/point_groups/half_pg19.json,54529bf8efd2413f7e16cee095d988be11ab131032aec265af80d58fa4921f98,a79b1a7a16b90ccc816274595eb95821e146d87fe194bda6e04d8257ebb94bf6
20,-3m,D3d,12,crystalline spin-1/2,internal spinless,s=w1; omega=0,[],[],[],[],[],8fceb2f5f3bcaa9205c00962cd2c7c78b493a45f583fb090f246e7ce1637f297,results/point_groups/half_pg20.json,5e57672b286d900bbbb394de0bbb455ac3d408f1c3ce03634e8892ff607e2cb5,b2ed61066bbe74e6117cc725b47ccd4cf1b5474483cdff0a8878354233f3dab9
21,6,C6,6,crystalline spin-1/2,internal spinless,s=w1; omega=0,[],[],[],[],[],8fceb2f5f3bcaa9205c00962cd2c7c78b493a45f583fb090f246e7ce1637f297,results/point_groups/half_pg21.json,7bfdb3cb6d2808542564dd72f40af928a46a0b6de35ba1f97b0fd2573d0a8147,783f1b639200f8f9ca92c568ea87667682638198fa5189b7c65cbe293543aa5f
22,-6,C3h,6,crystalline spin-1/2,internal spinless,s=w1; omega=0,[],[],[],[],[],8fceb2f5f3bcaa9205c00962cd2c7c78b493a45f583fb090f246e7ce1637f297,results/point_groups/half_pg22.json,dfa676fb444e2fa341ffb4066f936d2e4556b7ca956d0e53736586ab826c8a14,99c6af0db2b11207c6c9e6a2f5043916190d3eedae612d6298eff18244a7b85f
23,6/m,C6h,12,crystalline spin-1/2,internal spinless,s=w1; omega=0,[],[],[],[],[],8fceb2f5f3bcaa9205c00962cd2c7c78b493a45f583fb090f246e7ce1637f297,results/point_groups/half_pg23.json,8551cfa8b2c1ea42d2fb20aceeef6b0da5ce7cf5e6b804922e969a677852adeb,5a513be083ab17bbe7f7966bb3b0e484d1bec156474def10d8e1ad1b03784f9b
24,622,D6,12,crystalline spin-1/2,internal spinless,s=w1; omega=0,[],[],[],"[2,2]","[2,2]",8fceb2f5f3bcaa9205c00962cd2c7c78b493a45f583fb090f246e7ce1637f297,results/point_groups/half_pg24.json,ef8abb9e9e3dd9be9522f2c67c6e87566789795fb6c4d38172faaf02547d3919,957ecb06bfc359f24da68b6d9cda5344671355a2e6d0bfc5a041f31f08024eba
25,6mm,C6v,12,crystalline spin-1/2,internal spinless,s=w1; omega=0,[],[],[],[],[],8fceb2f5f3bcaa9205c00962cd2c7c78b493a45f583fb090f246e7ce1637f297,results/point_groups/half_pg25.json,45cee3867b90871d75101d940cc5e7c15ef18b6c3867af54146d91c680f35441,cd29237cbcd1570a188494c195600b33c7d0937419d8e0f157e472436923393c
26,-6m2,D3h,12,crystalline spin-1/2,internal spinless,s=w1; omega=0,[],[],[],[],[],8fceb2f5f3bcaa9205c00962cd2c7c78b493a45f583fb090f246e7ce1637f297,results/point_groups/half_pg26.json,77bd63f360e0042675956d5abd204a1b32421729f11fa911dafe8a31124a3293,6c64dd35267d380be5aaa0480070296971889a6a631cbbea3dc563d30e856370
27,6/mmm,D6h,24,crystalline spin-1/2,internal spinless,s=w1; omega=0,[],[],[],"[2,2,2]","[2,2,2]",8fceb2f5f3bcaa9205c00962cd2c7c78b493a45f583fb090f246e7ce1637f297,results/point_groups/half_pg27.json,75a8b65955733dae19373cbc21327c3e092beae4b39e25db33ded8406e2786b3,92054872addc7a5d065f3a41b83ec15c7279b5c49570c1273ab1ef330a50df6f
28,23,T,12,crystalline spin-1/2,internal spinless,s=w1; omega=0,[],[],[],[],[],8fceb2f5f3bcaa9205c00962cd2c7c78b493a45f583fb090f246e7ce1637f297,results/point_groups/half_pg28.json,3a5904031501777a85a0bc5675b96e11cb2cbee944e1a66eb6639c0e6cef9891,e388c559e5278d6ea8c8a554aba11669f2021ad1556b38fbc948f7dbb0b82e64
29,m-3,Th,24,crystalline spin-1/2,internal spinless,s=w1; omega=0,[],[],[],[2],[2],8fceb2f5f3bcaa9205c00962cd2c7c78b493a45f583fb090f246e7ce1637f297,results/point_groups/half_pg29.json,d329dba87ceaf41acf54d5202cad4c95ffaee3afeb3a699da390571ec54e632b,5cb5a5d9e97e9a83059f4472c469f5c666a05dbf9baae6fadbb939424660924b
30,432,O,24,crystalline spin-1/2,internal spinless,s=w1; omega=0,[],[],[],[2],[2],8fceb2f5f3bcaa9205c00962cd2c7c78b493a45f583fb090f246e7ce1637f297,results/point_groups/half_pg30.json,8982add2d32bb893f6072cb8dc55fc235bb8cec2063e267b2a25f55b3048ec94,10599e11c2378bb657e518ebe5a7a85cda335c3c7fd6cea484f91fde88f78a36
31,-43m,Td,24,crystalline spin-1/2,internal spinless,s=w1; omega=0,[],[],[],[],[],8fceb2f5f3bcaa9205c00962cd2c7c78b493a45f583fb090f246e7ce1637f297,results/point_groups/half_pg31.json,5fe84a960bcfacc9617de82888676d8ce17a8a044a10659f3d38c8cbc8be1038,7274734a05dc298329ec39997b470907f12554c45334b7fea5af9b2f12aa42ee
32,m-3m,Oh,48,crystalline spin-1/2,internal spinless,s=w1; omega=0,[],[],[],"[2,2]","[2,2]",8fceb2f5f3bcaa9205c00962cd2c7c78b493a45f583fb090f246e7ce1637f297,results/point_groups/half_pg32.json,3c5fc958b4f7100091a88d5659f728ef76d411b5165c735f81992269e3b99c9c,6bc7a67b65deb4e52e95b595a693ceef63747bf1273224f41ba425e71a20b300
1,1,C1,1,crystalline spinless,internal spin-1/2,s=w1; omega=w2+w1^2,[],[],[],[],[],8fceb2f5f3bcaa9205c00962cd2c7c78b493a45f583fb090f246e7ce1637f297,results/point_groups/spinless_pg1.json,4178bbb35e9408c4bb136a40373da83282a68be3d5f177a93a401b8ce2f9de8e,cd9d5d868c125129cecf57bcdce91ea08e2c89cffd80e91909ed0912811b80b4
2,-1,Ci,2,crystalline spinless,internal spin-1/2,s=w1; omega=w2+w1^2,[],[],[],[],[],8fceb2f5f3bcaa9205c00962cd2c7c78b493a45f583fb090f246e7ce1637f297,results/point_groups/spinless_pg2.json,81596e04a37275cda53666dd862c3f22a1b84a30bd9ac3ce4eefc7b2a492391b,de661fcb0921bcd15bd27f7f458091f3fefcb4df5aa863b3d554434513bc31d8
3,2,C2,2,crystalline spinless,internal spin-1/2,s=w1; omega=w2+w1^2,[],[],[],[],[],8fceb2f5f3bcaa9205c00962cd2c7c78b493a45f583fb090f246e7ce1637f297,results/point_groups/spinless_pg3.json,aabfa0851b8200c64fb0ad2110e5074ddc86085ea6e72e4bb89170240adfd7d4,97d9c5df7bd2bf3599f69775ed6045c976d3379a7e43b4aae264325493d93782
4,m,Cs,2,crystalline spinless,internal spin-1/2,s=w1; omega=w2+w1^2,[2],[2],[2],[2],[16],8fceb2f5f3bcaa9205c00962cd2c7c78b493a45f583fb090f246e7ce1637f297,results/point_groups/spinless_pg4.json,dfa604c64f3f3e907aa57134b1aa5de0c55436eeeb3f81adf920a82e0fbfabf9,330094e3c09d209fe465576e71ffcf0060d786b444149798597574a4d71041aa
5,2/m,C2h,4,crystalline spinless,internal spin-1/2,s=w1; omega=w2+w1^2,[],[2],[2],[2],[8],8fceb2f5f3bcaa9205c00962cd2c7c78b493a45f583fb090f246e7ce1637f297,results/point_groups/spinless_pg5.json,459555f71d819d5fdb251b1be9bed206c6beadeab930f88dcdad5ae6c23133ca,61b20a0cdb2a216ce0495839a298ddee32a050d6491d6d262ffc39671dc83b87
6,222,D2,4,crystalline spinless,internal spin-1/2,s=w1; omega=w2+w1^2,[],[],[],[],[],8fceb2f5f3bcaa9205c00962cd2c7c78b493a45f583fb090f246e7ce1637f297,results/point_groups/spinless_pg6.json,3590d9adf298201408f64af09655082b0ef2fa1c2a6066550bdce00588722071,b61234d87ca3269af2e26d006c172992aece53dc5efb35221bbc560bb2c15b77
7,mm2,C2v,4,crystalline spinless,internal spin-1/2,s=w1; omega=w2+w1^2,[],[2],[],"[2,2]","[2,2,2]",8fceb2f5f3bcaa9205c00962cd2c7c78b493a45f583fb090f246e7ce1637f297,results/point_groups/spinless_pg7.json,de12417a72942596c2ed217ebf6ac759d68ab44161c08f287a202a16a06a6798,1e59affec72964b87f1d15eceb737eeeebefa27d35db999cae782184052dd5cb
8,mmm,D2h,8,crystalline spinless,internal spin-1/2,s=w1; omega=w2+w1^2,[],[],[2],"[2,2,2,2]","[2,2,2,2,2]",8fceb2f5f3bcaa9205c00962cd2c7c78b493a45f583fb090f246e7ce1637f297,results/point_groups/spinless_pg8.json,975c1137e22922df828272f6fe74ea8d9ce7afd7886c9e91f03492a7be9a9bc9,908248075214bb7fe4e2c3aa44fe9f157b6a98aa23183fcd2ebdded7e905a0d1
9,4,C4,4,crystalline spinless,internal spin-1/2,s=w1; omega=w2+w1^2,[],[],[],[],[],8fceb2f5f3bcaa9205c00962cd2c7c78b493a45f583fb090f246e7ce1637f297,results/point_groups/spinless_pg9.json,24dfc62bc91b57965b426da4e91d4848838fedc3a5033fd8e1fb1324578e293e,ac9a2c67e3794dee5132140eda7b3cf184fe77273df81625b05c3be482f8bcbd
10,-4,S4,4,crystalline spinless,internal spin-1/2,s=w1; omega=w2+w1^2,[],[2],[],[2],[4],8fceb2f5f3bcaa9205c00962cd2c7c78b493a45f583fb090f246e7ce1637f297,results/point_groups/spinless_pg10.json,d4f34f961bb06d643f3f7dcbf5495a7df3369c11ea575cc976a30e4a27d1a3bc,ecfaec1dd4d1c718a40a4a8f241f35432b1fcc169e345d00aa03ba7adbab2d1c
11,4/m,C4h,8,crystalline spinless,internal spin-1/2,s=w1; omega=w2+w1^2,[],[2],[2],"[2,2]","[2,8]",8fceb2f5f3bcaa9205c00962cd2c7c78b493a45f583fb090f246e7ce1637f297,results/point_groups/spinless_pg11.json,3b4abe9aababb54c984d0b6ed971b2978ec35cf2ecf1d8555a54a042f1c78b40,7e32d5988fd84de8cd93a504563d07a13f5a4dcba634f3eec5df49a50a4458ea
12,422,D4,8,crystalline spinless,internal spin-1/2,s=w1; omega=w2+w1^2,[],[],[2],[],[2],8fceb2f5f3bcaa9205c00962cd2c7c78b493a45f583fb090f246e7ce1637f297,results/point_groups/spinless_pg12.json,c4d3151932cac2f8e2832bd66b0bd163a2ffe422cb94b890d8bd6aec04b7a60e,32a8fe40622ee540e75e3f43df462cc16d1f6e4d078260afc997d186f53b1e88
13,4mm,C4v,8,crystalline spinless,internal spin-1/2,s=w1; omega=w2+w1^2,[],[2],[],"[2,2,2]","[2,2,2,2]",8fceb2f5f3bcaa9205c00962cd2c7c78b493a45f583fb090f246e7ce1637f297,results/point_groups/spinless_pg13.json,d64f9140dde055cea536214a3a6bef250d63296e7fe882e0ecdc91a23bc3f922,14b7f90bd48d62e37498a2efc1520b98419d164e488ef62f3bcbf73fdb82f88b
14,-42m,D2d,8,crystalline spinless,internal spin-1/2,s=w1; omega=w2+w1^2,[],[],[2],"[2,2]","[2,2,2]",8fceb2f5f3bcaa9205c00962cd2c7c78b493a45f583fb090f246e7ce1637f297,results/point_groups/spinless_pg14.json,49f3bcc83d4b1f85150ce962d47674f673430c92856c82ba0f0eb70498267a03,da05d5a9d0666f8f19ec338abee1d3cd6a213376ed198ba599859340910b2ef1
15,4/mmm,D4h,16,crystalline spinless,internal spin-1/2,s=w1; omega=w2+w1^2,[],[],"[2,2]","[2,2,2,2]","[2,2,2,2,2,2]",8fceb2f5f3bcaa9205c00962cd2c7c78b493a45f583fb090f246e7ce1637f297,results/point_groups/spinless_pg15.json,dbe3043cc2b4d99cb59155ccdb51880e71851fc0d84f8f010421d63eb3aa3496,5098789755ab0d85da9478d485ff1fda1e2518422555896d7526980b45a95b8c
16,3,C3,3,crystalline spinless,internal spin-1/2,s=w1; omega=w2+w1^2,[],[],[],[],[],8fceb2f5f3bcaa9205c00962cd2c7c78b493a45f583fb090f246e7ce1637f297,results/point_groups/spinless_pg16.json,5ce4bc0a2484eff84747084ef729e71e08dfab69a9ee3dbe08183a62fe8dfe6b,0c6f5063900907c5b277aee1b8928bffad08158ccd520a908177e8948318803b
17,-3,C3i,6,crystalline spinless,internal spin-1/2,s=w1; omega=w2+w1^2,[],[],[],[],[],8fceb2f5f3bcaa9205c00962cd2c7c78b493a45f583fb090f246e7ce1637f297,results/point_groups/spinless_pg17.json,451e060818feea037cc6b2fac651b74ff880b560ad27cbb395ef18b63baa41c1,46d66027d48779362b9acf028fdb07cc3c9489cb9a58f850bd035685b6b4407b
18,32,D3,6,crystalline spinless,internal spin-1/2,s=w1; omega=w2+w1^2,[],[],[],[],[],8fceb2f5f3bcaa9205c00962cd2c7c78b493a45f583fb090f246e7ce1637f297,results/point_groups/spinless_pg18.json,dadf0447aab0142b6291d80a5b54541adbffc72ccee2f37ffe79c7629a829780,8c0e05f0c584f4a1fe6d1bdd60bb0a0a0278602f511fd2c477f7a9f08de76a94
19,3m,C3v,6,crystalline spinless,internal spin-1/2,s=w1; omega=w2+w1^2,[2],[2],[2],[2],[16],8fceb2f5f3bcaa9205c00962cd2c7c78b493a45f583fb090f246e7ce1637f297,results/point_groups/spinless_pg19.json,0bf573f8214be608cf482aa408954a20ebd13f84ba19a3265736c1c8049f1f21,a79b1a7a16b90ccc816274595eb95821e146d87fe194bda6e04d8257ebb94bf6
20,-3m,D3d,12,crystalline spinless,internal spin-1/2,s=w1; omega=w2+w1^2,[],[2],[2],[2],[8],8fceb2f5f3bcaa9205c00962cd2c7c78b493a45f583fb090f246e7ce1637f297,results/point_groups/spinless_pg20.json,f9fbef2652854d96a626c1a12ea3a47babcf1c7282deafe810b58d002b9da6e4,b2ed61066bbe74e6117cc725b47ccd4cf1b5474483cdff0a8878354233f3dab9
21,6,C6,6,crystalline spinless,internal spin-1/2,s=w1; omega=w2+w1^2,[],[],[],[],[],8fceb2f5f3bcaa9205c00962cd2c7c78b493a45f583fb090f246e7ce1637f297,results/point_groups/spinless_pg21.json,007a81986fba434509c65f0f5858c32560cf5806890079ee5097d10a2ead9cd2,783f1b639200f8f9ca92c568ea87667682638198fa5189b7c65cbe293543aa5f
22,-6,C3h,6,crystalline spinless,internal spin-1/2,s=w1; omega=w2+w1^2,[2],[2],[2],[2],[16],8fceb2f5f3bcaa9205c00962cd2c7c78b493a45f583fb090f246e7ce1637f297,results/point_groups/spinless_pg22.json,12f417f75340a9986eec7166d8b88e89e2d3e61ceb903550bb23b6e06c64bbf9,99c6af0db2b11207c6c9e6a2f5043916190d3eedae612d6298eff18244a7b85f
23,6/m,C6h,12,crystalline spinless,internal spin-1/2,s=w1; omega=w2+w1^2,[],[2],[2],[2],[8],8fceb2f5f3bcaa9205c00962cd2c7c78b493a45f583fb090f246e7ce1637f297,results/point_groups/spinless_pg23.json,b2ba43d543eb6f5f6332368eb85f0ac85fdbff21df14827c479acbd2de29a51e,5a513be083ab17bbe7f7966bb3b0e484d1bec156474def10d8e1ad1b03784f9b
24,622,D6,12,crystalline spinless,internal spin-1/2,s=w1; omega=w2+w1^2,[],[],[],[],[],8fceb2f5f3bcaa9205c00962cd2c7c78b493a45f583fb090f246e7ce1637f297,results/point_groups/spinless_pg24.json,fa7e37bb3bcfdc62bbccb95d7be68bde83fc10c471648caed89c58fd984d57d1,957ecb06bfc359f24da68b6d9cda5344671355a2e6d0bfc5a041f31f08024eba
25,6mm,C6v,12,crystalline spinless,internal spin-1/2,s=w1; omega=w2+w1^2,[],[2],[],"[2,2]","[2,2,2]",8fceb2f5f3bcaa9205c00962cd2c7c78b493a45f583fb090f246e7ce1637f297,results/point_groups/spinless_pg25.json,06305dbffdb75c0240e8dc3c2d77165c75b8c576236979e6c0a6b02f4ba5aeb1,cd29237cbcd1570a188494c195600b33c7d0937419d8e0f157e472436923393c
26,-6m2,D3h,12,crystalline spinless,internal spin-1/2,s=w1; omega=w2+w1^2,[],[2],[],"[2,2]","[2,2,2]",8fceb2f5f3bcaa9205c00962cd2c7c78b493a45f583fb090f246e7ce1637f297,results/point_groups/spinless_pg26.json,9de698ba564ac030a5272ace49e41caaeb11e5cc6360a10a0610bae1846c4cfa,6c64dd35267d380be5aaa0480070296971889a6a631cbbea3dc563d30e856370
27,6/mmm,D6h,24,crystalline spinless,internal spin-1/2,s=w1; omega=w2+w1^2,[],[],[2],"[2,2,2,2]","[2,2,2,2,2]",8fceb2f5f3bcaa9205c00962cd2c7c78b493a45f583fb090f246e7ce1637f297,results/point_groups/spinless_pg27.json,ada6942c47303e4a6d327e3f4d483179595233a55f7a8fc1f3642ed71d15b9ae,92054872addc7a5d065f3a41b83ec15c7279b5c49570c1273ab1ef330a50df6f
28,23,T,12,crystalline spinless,internal spin-1/2,s=w1; omega=w2+w1^2,[],[],[],[],[],8fceb2f5f3bcaa9205c00962cd2c7c78b493a45f583fb090f246e7ce1637f297,results/point_groups/spinless_pg28.json,22289683a7dadb412ff2d7c636d93229fc433106ba7e9d6f84ead194c8d69053,e388c559e5278d6ea8c8a554aba11669f2021ad1556b38fbc948f7dbb0b82e64
29,m-3,Th,24,crystalline spinless,internal spin-1/2,s=w1; omega=w2+w1^2,[],[],[2],"[2,2]","[2,2,2]",8fceb2f5f3bcaa9205c00962cd2c7c78b493a45f583fb090f246e7ce1637f297,results/point_groups/spinless_pg29.json,67f25233b8926e9788294105b3be67e011b605ca35092dbff5bddbc9dd0979a8,5cb5a5d9e97e9a83059f4472c469f5c666a05dbf9baae6fadbb939424660924b
30,432,O,24,crystalline spinless,internal spin-1/2,s=w1; omega=w2+w1^2,[],[],[2],[],[2],8fceb2f5f3bcaa9205c00962cd2c7c78b493a45f583fb090f246e7ce1637f297,results/point_groups/spinless_pg30.json,1def09e89f0d43128a552fdc9d90384e7f17a7b11968244dde162aca31bb36df,10599e11c2378bb657e518ebe5a7a85cda335c3c7fd6cea484f91fde88f78a36
31,-43m,Td,24,crystalline spinless,internal spin-1/2,s=w1; omega=w2+w1^2,[],[],[2],"[2,2]","[2,2,2]",8fceb2f5f3bcaa9205c00962cd2c7c78b493a45f583fb090f246e7ce1637f297,results/point_groups/spinless_pg31.json,76bfe45d5dc1765d9d7fbec68a55b67a6cf834372327ecc37561abdf58a5ff95,7274734a05dc298329ec39997b470907f12554c45334b7fea5af9b2f12aa42ee
32,m-3m,Oh,48,crystalline spinless,internal spin-1/2,s=w1; omega=w2+w1^2,[],[],"[2,2]","[2,2,2]","[2,2,2,2,2]",8fceb2f5f3bcaa9205c00962cd2c7c78b493a45f583fb090f246e7ce1637f297,results/point_groups/spinless_pg32.json,904c72f7bf278a821328f8b45579eb34135668cf70ce535ecdfb7965e342bfa1,6bc7a67b65deb4e52e95b595a693ceef63747bf1273224f41ba425e71a20b300
