index,crystalline_spin,internal_spin,effective_background,pip,majorana,complex_fermion,bosonic,stacking,source_id,result_path,result_sha256
1,crystalline spin-1/2,internal spinless,s=w1; omega=0,"[0,0,0]","[2,2,2]",[2],[],"[0,0,0,2,2,2,2]",9c16c0714da16a1ed5dc23b7830701afc01e6d7a37ee6d243f536ee4dc9ecd96,results/space_groups/sg1.json,895f035786d9abc045c7609c91b10a053e6197c830f3f323f93d01db1ab8cfb4
2,crystalline spin-1/2,internal spinless,s=w1; omega=0,"[0,0,0]",[],"[2,2,2,2]",[2],"[0,0,0,2,2,2,2,2]",9c16c0714da16a1ed5dc23b7830701afc01e6d7a37ee6d243f536ee4dc9ecd96,results/space_groups/sg2.json,ceabe7160389944b436c129b98af2c9e64ed66c6fed0c72f50bad553ee95c3bf
3,crystalline spin-1/2,internal spinless,s=w1; omega=0,[0],"[2,2,2]","[2,2,2,2]","[2,2,2,2]","[0,4,8,8,8]",9c16c0714da16a1ed5dc23b7830701afc01e6d7a37ee6d243f536ee4dc9ecd96,results/space_groups/sg3.json,d15d25a57a02317c8b02940600ddd7dddc5a9c1f120f4af5e13c2acb1f274c48
4,crystalline spin-1/2,internal spinless,s=w1; omega=0,[0],"[2,2,2]",[2],[],"[0,2,2,2,2]",9c16c0714da16a1ed5dc23b7830701afc01e6d7a37ee6d243f536ee4dc9ecd96,results/space_groups/sg4.json,f02448d52c11f1d9e5f7061b51251b985d5b062daee20602f011b7b0fc400103
5,crystalline spin-1/2,internal spinless,s=w1; omega=0,[0],"[2,2]","[2,2]","[2,2]","[0,2,4,8]",9c16c0714da16a1ed5dc23b7830701afc01e6d7a37ee6d243f536ee4dc9ecd96,results/space_groups/sg5.json,5bdae19fd19a761452ec5c55a8a8d4e5567de5d477f40b52afc7579728f6bf4b
6,crystalline spin-1/2,internal spinless,s=w1; omega=0,[0],[2],"[2,2]","[2,2]","[0,4,8]",9c16c0714da16a1ed5dc23b7830701afc01e6d7a37ee6d243f536ee4dc9ecd96,results/space_groups/sg6.json,12f17de8737529a569978ebecd25ff0e709847a47df4b2bce9dae1310f714757
7,crystalline spin-1/2,internal spinless,s=w1; omega=0,"[0,2]","[2,2,2]",[2],[],"[0,2,2,2,2,2]",9c16c0714da16a1ed5dc23b7830701afc01e6d7a37ee6d243f536ee4dc9ecd96,results/space_groups/sg7.json,f741dbaad799ac2425da982122cd625633f2444d45a9dd8ffdc81c7c4457b135
8,crystalline spin-1/2,internal spinless,s=w1; omega=0,[0],[2],[2],[2],"[0,2,4]",9c16c0714da16a1ed5dc23b7830701afc01e6d7a37ee6d243f536ee4dc9ecd96,results/space_groups/sg8.json,0e804e5d8ed46fd774dc1640e5570024b67f3c61515be267454c7f77e8226fcc
9,crystalline spin-1/2,internal spinless,s=w1; omega=0,"[0,2]","[2,2]",[2],[],"[0,2,2,2,2]",9c16c0714da16a1ed5dc23b7830701afc01e6d7a37ee6d243f536ee4dc9ecd96,results/space_groups/sg9.json,845a6ab20e7e62c64619197f6eccb6aa157c179a3d856c87151fb38152f0b95a
10,crystalline spin-1/2,internal spinless,s=w1; omega=0,[0],[],"[2,2,2,2,2]","[2,2,2,2,2,2]","[0,2,4,4,4,4,4]",9c16c0714da16a1ed5dc23b7830701afc01e6d7a37ee6d243f536ee4dc9ecd96,results/space_groups/sg10.json,f7a2188d5a92dd361e7851f2befdb12ae50013086789d09fe174e8514b3c9152
11,crystalline spin-1/2,internal spinless,s=w1; omega=0,[0],[],"[2,2]",[2],"[0,2,4]",9c16c0714da16a1ed5dc23b7830701afc01e6d7a37ee6d243f536ee4dc9ecd96,results/space_groups/sg11.json,c45f7b38735cc89a5062b2b4491ebbe5ea6d64601fdcddb29aa7c0890c29fd48
12,crystalline spin-1/2,internal spinless,s=w1; omega=0,[0],[],"[2,2,2]","[2,2,2]","[0,2,2,4,4]",9c16c0714da16a1ed5dc23b7830701afc01e6d7a37ee6d243f536ee4dc9ecd96,results/space_groups/sg12.json,a3f860ae6007fc2075b41b2fc8285327f523646a07553adc5713afb230e15640
13,crystalline spin-1/2,internal spinless,s=w1; omega=0,[0],[2],"[2,2,2]","[2,2]","[0,2,4,8]",9c16c0714da16a1ed5dc23b7830701afc01e6d7a37ee6d243f536ee4dc9ecd96,results/space_groups/sg13.json,8478105e675ba93ef3f06212eddf1ccc5c219f6503cb2da9e8d8861e0ca8859f
14,crystalline spin-1/2,internal spinless,s=w1; omega=0,[0],[2],"[2,2]",[2],"[0,2,2,2,2]",9c16c0714da16a1ed5dc23b7830701afc01e6d7a37ee6d243f536ee4dc9ecd96,results/space_groups/sg14.json,0773a4740dd0564d26bfdd9e860608db23c82b024a17e3338e02d4326f10536d
15,crystalline spin-1/2,internal spinless,s=w1; omega=0,[0],[],"[2,2,2]",[2],"[0,2,2,4]",9c16c0714da16a1ed5dc23b7830701afc01e6d7a37ee6d243f536ee4dc9ecd96,results/space_groups/sg15.json,7bd7c0f5b413a043c30a4bcab62b8f6a55d834ebd6fdd0849090782662c6e7f7
16,crystalline spin-1/2,internal spinless,s=w1; omega=0,[],[],[],"[2,2,2,2,2,2,2,2,2,2,2,2,2,2,2,2]","[2,2,2,2,2,2,2,2,2,2,2,2,2,2,2,2]",9c16c0714da16a1ed5dc23b7830701afc01e6d7a37ee6d243f536ee4dc9ecd96,results/space_groups/sg16.json,3094a9d013a478bbf9b9980c15fdfd3971b22c7d91460c76694ea0d0af4ecd72
17,crystalline spin-1/2,internal spinless,s=w1; omega=0,[],"[2,2,2]","[2,2,2,2]","[2,2,2,2]","[4,8,8,8]",9c16c0714da16a1ed5dc23b7830701afc01e6d7a37ee6d243f536ee4dc9ecd96,results/space_groups/sg17.json,e0b5e43062b107efad849fe9a82742f65189557bd1faec7d98a3d40d4f198c85
18,crystalline spin-1/2,internal spinless,s=w1; omega=0,[],"[2,2]","[2,2]","[2,2]","[2,4,8]",9c16c0714da16a1ed5dc23b7830701afc01e6d7a37ee6d243f536ee4dc9ecd96,results/space_groups/sg18.json,44dac8a227314069c8c9a13cdae4cec8672ff4b26982bd6e3c866dd7654bdc1f
19,crystalline spin-1/2,internal spinless,s=w1; omega=0,[],"[2,2]",[2],[],"[2,2,2]",9c16c0714da16a1ed5dc23b7830701afc01e6d7a37ee6d243f536ee4dc9ecd96,results/space_groups/sg19.json,f4384472aea80592db2937266c4ef32f1f7c26886176a9e3eac94f4749319cfb
20,crystalline spin-1/2,internal spinless,s=w1; omega=0,[],"[2,2]","[2,2]","[2,2]","[2,4,8]",9c16c0714da16a1ed5dc23b7830701afc01e6d7a37ee6d243f536ee4dc9ecd96,results/space_groups/sg20.json,c95477828f6e3956658695c915c2ae1e7ce53a85466956c0f8ee898997e88fac
21,crystalline spin-1/2,internal spinless,s=w1; omega=0,[],[2],[2],"[2,2,2,2,2,2,2,2,2]","[2,2,2,2,2,2,2,2,8]",9c16c0714da16a1ed5dc23b7830701afc01e6d7a37ee6d243f536ee4dc9ecd96,results/space_groups/sg21.json,32c62b4f2c0c702ba1307c9739b84f4a28b506e72fa91d47564a10af192a43e5
22,crystalline spin-1/2,internal spinless,s=w1; omega=0,[],[2],[],"[2,2,2,2,2,2,2,2]","[2,2,2,2,2,2,2,2,2]",9c16c0714da16a1ed5dc23b7830701afc01e6d7a37ee6d243f536ee4dc9ecd96,results/space_groups/sg22.json,71695daf4858a2e7e3bebbb77a3f8c02e20fe1bb273f52a1c219db399c3ab386
23,crystalline spin-1/2,internal spinless,s=w1; omega=0,[],[],[],"[2,2,2,2,2,2,2,2]","[2,2,2,2,2,2,2,2]",9c16c0714da16a1ed5dc23b7830701afc01e6d7a37ee6d243f536ee4dc9ecd96,results/space_groups/sg23.json,e38d80ce237971cc53b77b9196e9bb7ebab800f3f6d25c5e4fd165d2d034c4c1
24,crystalline spin-1/2,internal spinless,s=w1; omega=0,[],"[2,2]","[2,2,2]","[2,2,2]","[4,8,8]",9c16c0714da16a1ed5dc23b7830701afc01e6d7a37ee6d243f536ee4dc9ecd96,results/space_groups/sg24.json,0d8797e8cb39a89506adedfb882657e89a6086d26e5b86c94e3466b45e53c700
25,crystalline spin-1/2,internal spinless,s=w1; omega=0,[],[],[],"[2,2,2,2,2,2,2,2]","[2,2,2,2,2,2,2,2]",9c16c0714da16a1ed5dc23b7830701afc01e6d7a37ee6d243f536ee4dc9ecd96,results/space_groups/sg25.json,1676eb21573b1d21f0cf4878601397b069a0637a6789f8cd94631b1427b65d2a
26,crystalline spin-1/2,internal spinless,s=w1; omega=0,[],[2],[2],[],"[2,2]",9c16c0714da16a1ed5dc23b7830701afc01e6d7a37ee6d243f536ee4dc9ecd96,results/space_groups/sg26.json,16858c3054db219a2850fa2c6da064e82b32787917607137d545b4828878a57b
27,crystalline spin-1/2,internal spinless,s=w1; omega=0,[2],"[2,2,2]",[2],[],"[2,2,2,2,2]",9c16c0714da16a1ed5dc23b7830701afc01e6d7a37ee6d243f536ee4dc9ecd96,results/space_groups/sg27.json,06c2060a0aa10b760a3a5d4d9af28dbf2788103cf650da6a08b5ebeb74299dcf
28,crystalline spin-1/2,internal spinless,s=w1; omega=0,[],"[2,2]","[2,2,2]","[2,2,2]","[4,8,8]",9c16c0714da16a1ed5dc23b7830701afc01e6d7a37ee6d243f536ee4dc9ecd96,results/space_groups/sg28.json,5249bb264535636131d9140a54178c5d9bb75e19e5f2158c4eb962845992aeef
29,crystalline spin-1/2,internal spinless,s=w1; omega=0,[2],"[2,2,2]",[2],[],"[2,2,2,2,2]",9c16c0714da16a1ed5dc23b7830701afc01e6d7a37ee6d243f536ee4dc9ecd96,results/space_groups/sg29.json,6c1871209069ee5421c8255bcabddd0da023ca2811b7389727584b62e15e7422
30,crystalline spin-1/2,internal spinless,s=w1; omega=0,[2],"[2,2]","[2,2]","[2,2]","[2,2,4,8]",9c16c0714da16a1ed5dc23b7830701afc01e6d7a37ee6d243f536ee4dc9ecd96,results/space_groups/sg30.json,359ddeb76187e4a8709e03cda8f5ee18f2be760eb1b85c06b28c5e2ccadf9bbd
31,crystalline spin-1/2,internal spinless,s=w1; omega=0,[],[2],[2],[2],"[2,4]",9c16c0714da16a1ed5dc23b7830701afc01e6d7a37ee6d243f536ee4dc9ecd96,results/space_groups/sg31.json,8688767b7fb6baab0b909dc24c184dbc653247997304848c238d9b620a8015f9
32,crystalline spin-1/2,internal spinless,s=w1; omega=0,[2],"[2,2]","[2,2]","[2,2]","[2,2,4,8]",9c16c0714da16a1ed5dc23b7830701afc01e6d7a37ee6d243f536ee4dc9ecd96,results/space_groups/sg32.json,75d5bce6d7a76537caaa609689ff80ec9345ff5ae91c178a1479dd670b7a4c57
33,crystalline spin-1/2,internal spinless,s=w1; omega=0,[2],"[2,2]",[2],[],"[2,2,2,2]",9c16c0714da16a1ed5dc23b7830701afc01e6d7a37ee6d243f536ee4dc9ecd96,results/space_groups/sg33.json,592217ddfd0d03546e2892aae3178881581c90ef6ec4021642017d85ff458dec
34,crystalline spin-1/2,internal spinless,s=w1; omega=0,[2],"[2,2]","[2,2]","[2,2]","[2,2,4,8]",9c16c0714da16a1ed5dc23b7830701afc01e6d7a37ee6d243f536ee4dc9ecd96,results/space_groups/sg34.json,0c8f475bbf50299ce6a806039bc6dede19232ac09ceab6f66072623f5d1e4090
35,crystalline spin-1/2,internal spinless,s=w1; omega=0,[],[2],[2],"[2,2,2,2,2]","[2,2,2,2,8]",9c16c0714da16a1ed5dc23b7830701afc01e6d7a37ee6d243f536ee4dc9ecd96,results/space_groups/sg35.json,65e7a75758ea63b8cd6ae91fd1909d8ec67c536f8f7f15f19eca18ed30424ef3
36,crystalline spin-1/2,internal spinless,s=w1; omega=0,[],[2],[2],[],"[2,2]",9c16c0714da16a1ed5dc23b7830701afc01e6d7a37ee6d243f536ee4dc9ecd96,results/space_groups/sg36.json,0ce8552cbc924d13ff45c7f2ff2d984eea3cfeba1db6ff62270d4a44bcf3f15c
37,crystalline spin-1/2,internal spinless,s=w1; omega=0,[2],"[2,2]","[2,2]",[2],"[2,2,2,8]",9c16c0714da16a1ed5dc23b7830701afc01e6d7a37ee6d243f536ee4dc9ecd96,results/space_groups/sg37.json,1855da9f22ca83883e080fab9e2af0c386af1981f4b05b3411430dddea56f0c9
38,crystalline spin-1/2,internal spinless,s=w1; omega=0,[],[],[],"[2,2,2,2]","[2,2,2,2]",9c16c0714da16a1ed5dc23b7830701afc01e6d7a37ee6d243f536ee4dc9ecd96,results/space_groups/sg38.json,ef4489b765af74fd3d3de4fa19de2b029833d323e6e29b490bb26b815616a263
39,crystalline spin-1/2,internal spinless,s=w1; omega=0,[],"[2,2]",[2],[],"[2,2,2]",9c16c0714da16a1ed5dc23b7830701afc01e6d7a37ee6d243f536ee4dc9ecd96,results/space_groups/sg39.json,0dbaa6f268e917d47556cb75e12749c9d87a609e632f0aaaf09ba2dde7703196
40,crystalline spin-1/2,internal spinless,s=w1; omega=0,[],[2],"[2,2]","[2,2]","[4,8]",9c16c0714da16a1ed5dc23b7830701afc01e6d7a37ee6d243f536ee4dc9ecd96,results/space_groups/sg40.json,46ee10c290b72249c6560f7616279adf365da69d5e1f64e0e2d2fac67b432105
41,crystalline spin-1/2,internal spinless,s=w1; omega=0,[2],"[2,2]",[2],[2],"[2,2,2,4]",9c16c0714da16a1ed5dc23b7830701afc01e6d7a37ee6d243f536ee4dc9ecd96,results/space_groups/sg41.json,c2ef39b05a41da99a108b5cb33e49a262adb7464417fc2675b4ee7e73e3515a1
42,crystalline spin-1/2,internal spinless,s=w1; omega=0,[],[2],[],"[2,2]","[2,2,2]",9c16c0714da16a1ed5dc23b7830701afc01e6d7a37ee6d243f536ee4dc9ecd96,results/space_groups/sg42.json,0d2b9c5d1fe95212fe0a743a6769121efd10385d2a9dfc4086f8f7b8d5944569
43,crystalline spin-1/2,internal spinless,s=w1; omega=0,[2],[2],[2],[2],"[2,2,4]",9c16c0714da16a1ed5dc23b7830701afc01e6d7a37ee6d243f536ee4dc9ecd96,results/space_groups/sg43.json,cd7abd1eeadf02192c74f7472b41fa332b61b9e0fcb661c894faffbb5e3daa44
44,crystalline spin-1/2,internal spinless,s=w1; omega=0,[],[],[],"[2,2,2,2]","[2,2,2,2]",9c16c0714da16a1ed5dc23b7830701afc01e6d7a37ee6d243f536ee4dc9ecd96,results/space_groups/sg44.json,3b9f1f2f87c85f9b26f1a7fea21ec102acf89b309a7a562bb0292662b5c73255
45,crystalline spin-1/2,internal spinless,s=w1; omega=0,[2],"[2,2]",[2],[],"[2,2,2,2]",9c16c0714da16a1ed5dc23b7830701afc01e6d7a37ee6d243f536ee4dc9ecd96,results/space_groups/sg45.json,3d15e80104a84b2fea48c1d28293d1671519d145707355eb50f56da156da80bb
46,crystalline spin-1/2,internal spinless,s=w1; omega=0,[],[2],"[2,2]",[2],"[2,8]",9c16c0714da16a1ed5dc23b7830701afc01e6d7a37ee6d243f536ee4dc9ecd96,results/space_groups/sg46.json,88cdb30f5b85d34b49ae4599c6938fa7848295ebfb3fbc9171dc850f1090fe3e
47,crystalline spin-1/2,internal spinless,s=w1; omega=0,[],[],[],"[2,2,2,2,2,2,2,2,2,2,2,2,2,2,2,2,2,2,2,2,2,2,2,2]","[2,2,2,2,2,2,2,2,2,2,2,2,2,2,2,2,2,2,2,2,2,2,2,2]",9c16c0714da16a1ed5dc23b7830701afc01e6d7a37ee6d243f536ee4dc9ecd96,results/space_groups/sg47.json,4474e9e8b095231833d0326e41c893418339624de33a52fafa5479188076ae46
48,crystalline spin-1/2,internal spinless,s=w1; omega=0,[],[],[],"[2,2,2,2,2,2,2,2]","[2,2,2,2,2,2,2,2]",9c16c0714da16a1ed5dc23b7830701afc01e6d7a37ee6d243f536ee4dc9ecd96,results/space_groups/sg48.json,d7c605e2226abbcbd22b97adc3bb74c792323d7988ad37bbf871508001967ad8
49,crystalline spin-1/2,internal spinless,s=w1; omega=0,[],[],[2],"[2,2,2,2,2,2,2,2,2]","[2,2,2,2,2,2,2,2,4]",9c16c0714da16a1ed5dc23b7830701afc01e6d7a37ee6d243f536ee4dc9ecd96,results/space_groups/sg49.json,9decfcf1483afe14cfa5f7d2844aa94354b9c121f48b8d23232a32ecdf4de0e3
50,crystalline spin-1/2,internal spinless,s=w1; omega=0,[],[],[],"[2,2,2,2,2,2,2,2]","[2,2,2,2,2,2,2,2]",9c16c0714da16a1ed5dc23b7830701afc01e6d7a37ee6d243f536ee4dc9ecd96,results/space_groups/sg50.json,a4a3befe9bd2aeae671c917a6e95ea05feec33ed5f328c8697dfd2e858572ecd
51,crystalline spin-1/2,internal spinless,s=w1; omega=0,[],[],"[2,2]","[2,2,2,2,2,2]","[2,2,2,2,4,4]",9c16c0714da16a1ed5dc23b7830701afc01e6d7a37ee6d243f536ee4dc9ecd96,results/space_groups/sg51.json,f516fa7a083030463d1afecc06c9d4e126e75f4b0c202ea59781baa1a15189b1
52,crystalline spin-1/2,internal spinless,s=w1; omega=0,[],[2],"[2,2,2]","[2,2]","[2,4,8]",9c16c0714da16a1ed5dc23b7830701afc01e6d7a37ee6d243f536ee4dc9ecd96,results/space_groups/sg52.json,97b3c40be6e393ed7fa67eafb66249685fec05fcba1e51665e2d275e0b0404c9
53,crystalline spin-1/2,internal spinless,s=w1; omega=0,[],[2],"[2,2,2]","[2,2,2,2]","[2,4,4,8]",9c16c0714da16a1ed5dc23b7830701afc01e6d7a37ee6d243f536ee4dc9ecd96,results/space_groups/sg53.json,d641a3b657717aa3f2ccf8bb82f960df694dde4c43150474abc6f1f2c71c7ab3
54,crystalline spin-1/2,internal spinless,s=w1; omega=0,[],"[2,2]","[2,2]",[2],"[2,2,8]",9c16c0714da16a1ed5dc23b7830701afc01e6d7a37ee6d243f536ee4dc9ecd96,results/space_groups/sg54.json,52dcd9943bced8024ca925aa47a6bdd1c59571e0a7e5f30fca64b0d372890457
55,crystalline spin-1/2,internal spinless,s=w1; omega=0,[],[],"[2,2,2]","[2,2,2]","[2,2,4,4]",9c16c0714da16a1ed5dc23b7830701afc01e6d7a37ee6d243f536ee4dc9ecd96,results/space_groups/sg55.json,5a1c6ab255ae582c25a37e23f7f7832c816f03bfeef7a8b977ade0cf07736612
56,crystalline spin-1/2,internal spinless,s=w1; omega=0,[],[2],"[2,2]",[],"[2,2,2]",9c16c0714da16a1ed5dc23b7830701afc01e6d7a37ee6d243f536ee4dc9ecd96,results/space_groups/sg56.json,bad884fb4862c37e3e55c133f25406755d5b503c7d4b660ec221b70bd064e070
57,crystalline spin-1/2,internal spinless,s=w1; omega=0,[],[2],"[2,2]",[2],"[2,8]",9c16c0714da16a1ed5dc23b7830701afc01e6d7a37ee6d243f536ee4dc9ecd96,results/space_groups/sg57.json,d1d05174ddf5ee5378e3e536dcf80a1c003ec8d915323dae842cc87cd6c9b095
58,crystalline spin-1/2,internal spinless,s=w1; omega=0,[],[],"[2,2,2]","[2,2,2]","[2,2,4,4]",9c16c0714da16a1ed5dc23b7830701afc01e6d7a37ee6d243f536ee4dc9ecd96,results/space_groups/sg58.json,fbe24ef8fc7b2ea3b5d37fd49040b08f38be0524aec60b75f9ff0584bde96cd7
59,crystalline spin-1/2,internal spinless,s=w1; omega=0,[],[],[],"[2,2,2,2]","[2,2,2,2]",9c16c0714da16a1ed5dc23b7830701afc01e6d7a37ee6d243f536ee4dc9ecd96,results/space_groups/sg59.json,03ba58d845a6f024fbe7c2b9433284246b322fb4ef8b321870ba219c8abf31fe
60,crystalline spin-1/2,internal spinless,s=w1; omega=0,[],[2],"[2,2]",[2],"[2,2,4]",9c16c0714da16a1ed5dc23b7830701afc01e6d7a37ee6d243f536ee4dc9ecd96,results/space_groups/sg60.json,cf765b0f3be02364c4a4f12a1aaf8c17b04bc3457e97bfb54840b7f32a17823d
61,crystalline spin-1/2,internal spinless,s=w1; omega=0,[],"[2,2]",[2],[2],"[2,2,2,2]",9c16c0714da16a1ed5dc23b7830701afc01e6d7a37ee6d243f536ee4dc9ecd96,results/space_groups/sg61.json,ad0b15e4185b241d66af319c34dd6a8c3c5e79e4c60eb91a933700ceaadeab6a
62,crystalline spin-1/2,internal spinless,s=w1; omega=0,[],[],"[2,2]",[],"[2,2]",9c16c0714da16a1ed5dc23b7830701afc01e6d7a37ee6d243f536ee4dc9ecd96,results/space_groups/sg62.json,d51c449dc8292a81cc2f76a19878c544d0a0a1693e51454e7dbac7ea1ed53e5b
63,crystalline spin-1/2,internal spinless,s=w1; omega=0,[],[],[2],"[2,2,2]","[2,2,4]",9c16c0714da16a1ed5dc23b7830701afc01e6d7a37ee6d243f536ee4dc9ecd96,results/space_groups/sg63.json,fae66358f4051c96bf0b6af857cfa100d006bdfea52ed149aeda548f021f5e90
64,crystalline spin-1/2,internal spinless,s=w1; omega=0,[],[2],[2],"[2,2]","[2,2,4]",9c16c0714da16a1ed5dc23b7830701afc01e6d7a37ee6d243f536ee4dc9ecd96,results/space_groups/sg64.json,0e700b3780dea6be14cd92588f28c8c533a6f6a5a684f98c961caa0aa45130fc
65,crystalline spin-1/2,internal spinless,s=w1; omega=0,[],[],[2],"[2,2,2,2,2,2,2,2,2,2,2,2,2]","[2,2,2,2,2,2,2,2,2,2,2,2,4]",9c16c0714da16a1ed5dc23b7830701afc01e6d7a37ee6d243f536ee4dc9ecd96,results/space_groups/sg65.json,f0c955a7d2dc570b039dfe16e8164991ddd3ed5d59ebf763e383b32493efaa77
66,crystalline spin-1/2,internal spinless,s=w1; omega=0,[],[],"[2,2]","[2,2,2,2,2,2]","[2,2,2,2,4,4]",9c16c0714da16a1ed5dc23b7830701afc01e6d7a37ee6d243f536ee4dc9ecd96,results/space_groups/sg66.json,8f6569c2f199520bb1eb409be02b3fc3f75e578893f0bd3c84e4bdb180c44328
67,crystalline spin-1/2,internal spinless,s=w1; omega=0,[],[],[2],"[2,2,2,2,2,2]","[2,2,2,2,2,2,2]",9c16c0714da16a1ed5dc23b7830701afc01e6d7a37ee6d243f536ee4dc9ecd96,results/space_groups/sg67.json,3bd02e76b7756883cb14f7390c17df3b03b636ae7ca1f21ff33865b65257dc37
68,crystalline spin-1/2,internal spinless,s=w1; omega=0,[],[2],[],"[2,2,2,2]","[2,2,2,2,2]",9c16c0714da16a1ed5dc23b7830701afc01e6d7a37ee6d243f536ee4dc9ecd96,results/space_groups/sg68.json,877b7465a13e19dd18497e83c89ad9fd58b9cac98fc4b801d026f0f2238d1c67
69,crystalline spin-1/2,internal spinless,s=w1; omega=0,[],[],[2],"[2,2,2,2,2,2,2,2]","[2,2,2,2,2,2,2,2,2]",9c16c0714da16a1ed5dc23b7830701afc01e6d7a37ee6d243f536ee4dc9ecd96,results/space_groups/sg69.json,1b9d7b5f881734b340a7f1a18c97303115e8337a08d8c2ee96e9eda340d97fa5
70,crystalline spin-1/2,internal spinless,s=w1; omega=0,[],[],[2],"[2,2,2,2]","[2,2,2,2,2]",9c16c0714da16a1ed5dc23b7830701afc01e6d7a37ee6d243f536ee4dc9ecd96,results/space_groups/sg70.json,4c50a3b2a4bf5e1d16a02257f4ddda905aa5ece448945dbfa2a7a9db0077e02a
71,crystalline spin-1/2,internal spinless,s=w1; omega=0,[],[],[],"[2,2,2,2,2,2,2,2,2,2,2,2]","[2,2,2,2,2,2,2,2,2,2,2,2]",9c16c0714da16a1ed5dc23b7830701afc01e6d7a37ee6d243f536ee4dc9ecd96,results/space_groups/sg71.json,82ce37b88b01398e55a1eda23137a0634e3798af98fdc06d0a60a6b945c42c33
72,crystalline spin-1/2,internal spinless,s=w1; omega=0,[],[],[2],"[2,2,2,2]","[2,2,2,2,2]",9c16c0714da16a1ed5dc23b7830701afc01e6d7a37ee6d243f536ee4dc9ecd96,results/space_groups/sg72.json,60f444940bd2e97e12d824da0134b35e254982bbc911a8af32f52d023dfcfb7c
73,crystalline spin-1/2,internal spinless,s=w1; omega=0,[],"[2,2]",[2],[],"[2,2,2]",9c16c0714da16a1ed5dc23b7830701afc01e6d7a37ee6d243f536ee4dc9ecd96,results/space_groups/sg73.json,9acd69d4e5acebcdc9feb5172732a42eb838428901c8e423020d0d6e80ac0562
74,crystalline spin-1/2,internal spinless,s=w1; omega=0,[],[],"[2,2]","[2,2,2,2]","[2,2,4,4]",9c16c0714da16a1ed5dc23b7830701afc01e6d7a37ee6d243f536ee4dc9ecd96,results/space_groups/sg74.json,425002b6e0664b2546e10e6cea5375567f44cf531b65ee5401c0788f9691b2e7
75,crystalline spin-1/2,internal spinless,s=w1; omega=0,[0],"[2,2]","[2,2,2]","[2,4,4]","[0,2,8,8,8]",9c16c0714da16a1ed5dc23b7830701afc01e6d7a37ee6d243f536ee4dc9ecd96,results/space_groups/sg75.json,22d5b260c60e8a6a7de60d676b283739a06f040423c46ca6621accab91912226
76,crystalline spin-1/2,internal spinless,s=w1; omega=0,[0],"[2,2]",[2],[],"[0,2,2,2]",9c16c0714da16a1ed5dc23b7830701afc01e6d7a37ee6d243f536ee4dc9ecd96,results/space_groups/sg76.json,f83dd1f6a0d80b92bb4d04bcc8612663eb1c365258503fee58c01c3f86fceb87
77,crystalline spin-1/2,internal spinless,s=w1; omega=0,[0],"[2,2]","[2,2,2]","[2,2,2]","[0,4,8,8]",9c16c0714da16a1ed5dc23b7830701afc01e6d7a37ee6d243f536ee4dc9ecd96,results/space_groups/sg77.json,144d363d78e6df64a891250acc6ccfb103a087bd87e1e2a4d454a09655a83da6
78,crystalline spin-1/2,internal spinless,s=w1; omega=0,[0],"[2,2]",[2],[],"[0,2,2,2]",9c16c0714da16a1ed5dc23b7830701afc01e6d7a37ee6d243f536ee4dc9ecd96,results/space_groups/sg78.json,37ac2c5dcdf80b7c2cb4ffee30667d3376d4421570e50b7c94592632cca1cabd
79,crystalline spin-1/2,internal spinless,s=w1; omega=0,[0],[2],"[2,2]","[2,4]","[0,8,8]",9c16c0714da16a1ed5dc23b7830701afc01e6d7a37ee6d243f536ee4dc9ecd96,results/space_groups/sg79.json,484956eb77d9e5ba77764c5e7d9dad3d068baeebdfd15ae43a922c02eaa94cad
80,crystalline spin-1/2,internal spinless,s=w1; omega=0,[0],[2],[2],[2],"[0,2,4]",9c16c0714da16a1ed5dc23b7830701afc01e6d7a37ee6d243f536ee4dc9ecd96,results/space_groups/sg80.json,04ebfbd57150f61d660e9ee469eac60170023915cc9308625dd20530e74da5c8
81,crystalline spin-1/2,internal spinless,s=w1; omega=0,"[0,2]","[2,2]","[2,2,2,2,2]","[2,4,4]","[0,2,2,4,8,8,8]",9c16c0714da16a1ed5dc23b7830701afc01e6d7a37ee6d243f536ee4dc9ecd96,results/space_groups/sg81.json,0ca24f8f69480ca769f6e706136b68fc2cef792f3284b667ad3ab7e359aa7bd3
82,crystalline spin-1/2,internal spinless,s=w1; omega=0,"[0,2]",[2],"[2,2,2,2]","[4,4]","[0,2,2,4,8,8]",9c16c0714da16a1ed5dc23b7830701afc01e6d7a37ee6d243f536ee4dc9ecd96,results/space_groups/sg82.json,99ac87880c0ded36700414053c47370fcfb33646dcf2935dac379e4d15e02875
83,crystalline spin-1/2,internal spinless,s=w1; omega=0,[0],[],"[2,2,2,2,2]","[2,2,2,2,4,4]","[0,2,2,2,4,4,8,8]",9c16c0714da16a1ed5dc23b7830701afc01e6d7a37ee6d243f536ee4dc9ecd96,results/space_groups/sg83.json,d3cf5754ac524c14b0eff1debb03b8c227981b0f05e10603afe8d7436dab3a58
84,crystalline spin-1/2,internal spinless,s=w1; omega=0,[0],[],"[2,2,2,2,2]","[2,2,2,2]","[0,2,4,4,4,4]",9c16c0714da16a1ed5dc23b7830701afc01e6d7a37ee6d243f536ee4dc9ecd96,results/space_groups/sg84.json,704febacd965e2ac4dbd038e553aed786511c256dc940bd04a8b2a453f3066d5
85,crystalline spin-1/2,internal spinless,s=w1; omega=0,[0],[2],"[2,2,2]","[4,4]","[0,2,2,8,8]",9c16c0714da16a1ed5dc23b7830701afc01e6d7a37ee6d243f536ee4dc9ecd96,results/space_groups/sg85.json,c7ac7f830562104d85d261c09e3edb82d1f3c7b1d1ef1a559330b3ac0a030153
86,crystalline spin-1/2,internal spinless,s=w1; omega=0,[0],[2],"[2,2,2]","[2,4]","[0,2,8,8]",9c16c0714da16a1ed5dc23b7830701afc01e6d7a37ee6d243f536ee4dc9ecd96,results/space_groups/sg86.json,ddb1afc0b5176bff9e5b0472c0dff59462f1b72cc11b8000697c997ef3df78cb
87,crystalline spin-1/2,internal spinless,s=w1; omega=0,[0],[],"[2,2,2,2]","[2,2,4]","[0,2,2,2,4,8]",9c16c0714da16a1ed5dc23b7830701afc01e6d7a37ee6d243f536ee4dc9ecd96,results/space_groups/sg87.json,cd91b005ab973ba55c3b8386879de42eccecd8167dae75e21d18c4caeca71eb2
88,crystalline spin-1/2,internal spinless,s=w1; omega=0,[0],[],"[2,2,2]",[4],"[0,2,2,8]",9c16c0714da16a1ed5dc23b7830701afc01e6d7a37ee6d243f536ee4dc9ecd96,results/space_groups/sg88.json,f7057fbf2ff9208c69eb4fec1e7a4ac579908f20cb5da350ef7f8608c670c262
89,crystalline spin-1/2,internal spinless,s=w1; omega=0,[],[],[],"[2,2,2,2,2,2,2,2,2,2,2,2]","[2,2,2,2,2,2,2,2,2,2,2,2]",9c16c0714da16a1ed5dc23b7830701afc01e6d7a37ee6d243f536ee4dc9ecd96,results/space_groups/sg89.json,5343d95a1544b6606bca3b7976e6a42f82b4ee636190309cf1a425afbe6fed5f
90,crystalline spin-1/2,internal spinless,s=w1; omega=0,[],[2],[2],"[2,2,2,2,4]","[2,2,2,2,2,8]",9c16c0714da16a1ed5dc23b7830701afc01e6d7a37ee6d243f536ee4dc9ecd96,results/space_groups/sg90.json,c88b04872ac4b19f90e3cfc57c22f74c14c955d69b200bdfddac69e38700f3bb
91,crystalline spin-1/2,internal spinless,s=w1; omega=0,[],"[2,2]","[2,2,2]","[2,2,2]","[4,8,8]",9c16c0714da16a1ed5dc23b7830701afc01e6d7a37ee6d243f536ee4dc9ecd96,results/space_groups/sg91.json,bd87e8dda137d624cdcffcf5754a53d312fb4c24d16f1adb69bd7c3c9ec55c9b
92,crystalline spin-1/2,internal spinless,s=w1; omega=0,[],[2],[2],[2],"[2,4]",9c16c0714da16a1ed5dc23b7830701afc01e6d7a37ee6d243f536ee4dc9ecd96,results/space_groups/sg92.json,15ab355d2c74c9b84bf79414039ecf300610c4a9ba066b144123b59208f09e66
93,crystalline spin-1/2,internal spinless,s=w1; omega=0,[],[],[],"[2,2,2,2,2,2,2,2,2,2,2,2]","[2,2,2,2,2,2,2,2,2,2,2,2]",9c16c0714da16a1ed5dc23b7830701afc01e6d7a37ee6d243f536ee4dc9ecd96,results/space_groups/sg93.json,9cbefb794d3ba1513d618fabf6c7799289c0d89e575299dd2177c8e249cfe51f
94,crystalline spin-1/2,internal spinless,s=w1; omega=0,[],[2],[2],"[2,2,2,2,2]","[2,2,2,2,8]",9c16c0714da16a1ed5dc23b7830701afc01e6d7a37ee6d243f536ee4dc9ecd96,results/space_groups/sg94.json,4006a6ed53b00a976ce739ac12a7807e41ae00959a429a362dc947c47c65dec3
95,crystalline spin-1/2,internal spinless,s=w1; omega=0,[],"[2,2]","[2,2,2]","[2,2,2]","[4,8,8]",9c16c0714da16a1ed5dc23b7830701afc01e6d7a37ee6d243f536ee4dc9ecd96,results/space_groups/sg95.json,abd7e3849e587ff620a041cd6ec6b469338d42e64971aa35fa7456299813536f
96,crystalline spin-1/2,internal spinless,s=w1; omega=0,[],[2],[2],[2],"[2,4]",9c16c0714da16a1ed5dc23b7830701afc01e6d7a37ee6d243f536ee4dc9ecd96,results/space_groups/sg96.json,c07dddc7f4bb9916746e4fa00cb9912176210f34566beb21ea49ee7afbab1bcb
97,crystalline spin-1/2,internal spinless,s=w1; omega=0,[],[],[],"[2,2,2,2,2,2,2,2]","[2,2,2,2,2,2,2,2]",9c16c0714da16a1ed5dc23b7830701afc01e6d7a37ee6d243f536ee4dc9ecd96,results/space_groups/sg97.json,a3fdc2ea112e95b58896e32522957641c79679ccd2bbce1811945b0d37f2474a
98,crystalline spin-1/2,internal spinless,s=w1; omega=0,[],[2],[2],"[2,2,2,2,2]","[2,2,2,2,8]",9c16c0714da16a1ed5dc23b7830701afc01e6d7a37ee6d243f536ee4dc9ecd96,results/space_groups/sg98.json,d7fa62127a1ec4a0b432d5e0d3adf943073c124d7ac9d063c84488d229053d44
99,crystalline spin-1/2,internal spinless,s=w1; omega=0,[],[],[],"[2,2,2,2,2,2]","[2,2,2,2,2,2]",9c16c0714da16a1ed5dc23b7830701afc01e6d7a37ee6d243f536ee4dc9ecd96,results/space_groups/sg99.json,25ed5ee496479e5ef33b721deeaf8924816e38d52d1b2b618118aa07ec4ce860
100,crystalline spin-1/2,internal spinless,s=w1; omega=0,[],[2],[2],"[2,2,4]","[2,2,2,8]",9c16c0714da16a1ed5dc23b7830701afc01e6d7a37ee6d243f536ee4dc9ecd96,results/space_groups/sg100.json,3909d797f03628e012485e21ef2303ebf6d497d7490ba1ce25b3bcd9677ab57f
101,crystalline spin-1/2,internal spinless,s=w1; omega=0,[],[2],[],"[2,2]","[2,2,2]",9c16c0714da16a1ed5dc23b7830701afc01e6d7a37ee6d243f536ee4dc9ecd96,results/space_groups/sg101.json,c1699fc0f162560556c360e9ca2480d24ee86bb1ab6e69bb64b585b2cddbe7bb
102,crystalline spin-1/2,internal spinless,s=w1; omega=0,[],[2],[2],"[2,2,2]","[2,2,8]",9c16c0714da16a1ed5dc23b7830701afc01e6d7a37ee6d243f536ee4dc9ecd96,results/space_groups/sg102.json,379462986710989bb9d1de6a95dfd0ed02f56646a22891a86f7b7ee3a59e7c0f
103,crystalline spin-1/2,internal spinless,s=w1; omega=0,[2],"[2,2]","[2,2]",[],"[2,2,2,2,2]",9c16c0714da16a1ed5dc23b7830701afc01e6d7a37ee6d243f536ee4dc9ecd96,results/space_groups/sg103.json,e0a2950b112f5911609b5b658aab9e23f96d539711abdf8c8ea539ae0788158f
104,crystalline spin-1/2,internal spinless,s=w1; omega=0,[2],[2],"[2,2]",[4],"[2,4,8]",9c16c0714da16a1ed5dc23b7830701afc01e6d7a37ee6d243f536ee4dc9ecd96,results/space_groups/sg104.json,6a6d60e5097fcf69597a60d3003409e614825489131c4351febb740fc01f0865
105,crystalline spin-1/2,internal spinless,s=w1; omega=0,[],[],[],"[2,2,2,2]","[2,2,2,2]",9c16c0714da16a1ed5dc23b7830701afc01e6d7a37ee6d243f536ee4dc9ecd96,results/space_groups/sg105.json,618fc80610ac6d861a96d7ec5d0666f80cb057afbe6e3fccf0ff3dc4c16f51dd
106,crystalline spin-1/2,internal spinless,s=w1; omega=0,[2],[2],"[2,2]",[2],"[2,2,8]",9c16c0714da16a1ed5dc23b7830701afc01e6d7a37ee6d243f536ee4dc9ecd96,results/space_groups/sg106.json,466a02a1f697373c504efb8a3744b062d680e5e6d8dfb6927ba60e75f06c5fc8
107,crystalline spin-1/2,internal spinless,s=w1; omega=0,[],[],[],"[2,2,2]","[2,2,2]",9c16c0714da16a1ed5dc23b7830701afc01e6d7a37ee6d243f536ee4dc9ecd96,results/space_groups/sg107.json,8c0ae6a9d7504690a2dfe6e7bdfc8d8b9f1b07d8874706fe195cdb671f6cd616
108,crystalline spin-1/2,internal spinless,s=w1; omega=0,[],[2],[2],[2],"[2,2,2]",9c16c0714da16a1ed5dc23b7830701afc01e6d7a37ee6d243f536ee4dc9ecd96,results/space_groups/sg108.json,b494a4d21578ddf0b49444f84da099dac2c4f29db4437b13109675d957b090b5
109,crystalline spin-1/2,internal spinless,s=w1; omega=0,[],[],[],"[2,2]","[2,2]",9c16c0714da16a1ed5dc23b7830701afc01e6d7a37ee6d243f536ee4dc9ecd96,results/space_groups/sg109.json,0a3c6390c6a435bf070be1fd97f2ae43f080f8f3fa7c657597f4ba4803fa4d2b
110,crystalline spin-1/2,internal spinless,s=w1; omega=0,[2],[2],[2],[],"[2,2,2]",9c16c0714da16a1ed5dc23b7830701afc01e6d7a37ee6d243f536ee4dc9ecd96,results/space_groups/sg110.json,1e949c0c79f9962ba9888f1df78b3311579664d45dbff150046a1cd28fed5d1b
111,crystalline spin-1/2,internal spinless,s=w1; omega=0,[],[],[],"[2,2,2,2,2,2,2,2,2,2]","[2,2,2,2,2,2,2,2,2,2]",9c16c0714da16a1ed5dc23b7830701afc01e6d7a37ee6d243f536ee4dc9ecd96,results/space_groups/sg111.json,1db7843e18ed8a295b58b8bdbf782effdc3f65b3d309c7a3c7326360cd6654f1
112,crystalline spin-1/2,internal spinless,s=w1; omega=0,[2],[],"[2,2]","[2,2,2,2,2,2,2,2]","[2,2,2,2,2,2,2,2,2,4]",9c16c0714da16a1ed5dc23b7830701afc01e6d7a37ee6d243f536ee4dc9ecd96,results/space_groups/sg112.json,99674bf3117078f62ef9cdbb96ebe102e469000e26cf63cb8cb2d098aa90348d
113,crystalline spin-1/2,internal spinless,s=w1; omega=0,[],[2],"[2,2]","[2,2,4]","[2,2,2,2,8]",9c16c0714da16a1ed5dc23b7830701afc01e6d7a37ee6d243f536ee4dc9ecd96,results/space_groups/sg113.json,19cc1f3688a89affbe569f8b3254ca6bdc60d7aa3ef21af6a5e437eb9781dbff
114,crystalline spin-1/2,internal spinless,s=w1; omega=0,[2],[2],"[2,2,2]",[4],"[4,4,8]",9c16c0714da16a1ed5dc23b7830701afc01e6d7a37ee6d243f536ee4dc9ecd96,results/space_groups/sg114.json,e6d2767df05d54bfee9562b073bb9771b171994c1ccb0d8e23c5131b9d43028b
115,crystalline spin-1/2,internal spinless,s=w1; omega=0,[],[],[],"[2,2,2,2,2,2,2,2]","[2,2,2,2,2,2,2,2]",9c16c0714da16a1ed5dc23b7830701afc01e6d7a37ee6d243f536ee4dc9ecd96,results/space_groups/sg115.json,3fa83da6bc335363dbb08f11ff02c35228b2d07466dccfd2428bcb2109956505
116,crystalline spin-1/2,internal spinless,s=w1; omega=0,[2],[2],"[2,2]","[2,2,2,2]","[2,2,2,2,2,2,4]",9c16c0714da16a1ed5dc23b7830701afc01e6d7a37ee6d243f536ee4dc9ecd96,results/space_groups/sg116.json,40d65b6e807e42165de1a24bd253ba8c604cde25604fbd8a3f5687738fcdcafb
117,crystalline spin-1/2,internal spinless,s=w1; omega=0,[2],[2],"[2,2]","[2,2,2,2,4]","[2,2,2,2,2,4,8]",9c16c0714da16a1ed5dc23b7830701afc01e6d7a37ee6d243f536ee4dc9ecd96,results/space_groups/sg117.json,1e3a02a50f74bfd6c1a137465342b0fe1482a1b3db1a5c8ae3daefa53f455896
118,crystalline spin-1/2,internal spinless,s=w1; omega=0,[2],[2],"[2,2]","[2,2,2,2,4]","[2,2,2,2,2,4,8]",9c16c0714da16a1ed5dc23b7830701afc01e6d7a37ee6d243f536ee4dc9ecd96,results/space_groups/sg118.json,3a467eb57e11b046fa37dd0e5d386b88f06efb45abe65cde9fff921ffaeed68a
119,crystalline spin-1/2,internal spinless,s=w1; omega=0,[],[],[],"[2,2,2,2,2,2]","[2,2,2,2,2,2]",9c16c0714da16a1ed5dc23b7830701afc01e6d7a37ee6d243f536ee4dc9ecd96,results/space_groups/sg119.json,74e975b194ea3efb769b721de0fad0f03bddaf9ec161818e83e2c27794cd019e
120,crystalline spin-1/2,internal spinless,s=w1; omega=0,[2],[2],"[2,2]","[2,2,2,2]","[2,2,2,2,2,2,4]",9c16c0714da16a1ed5dc23b7830701afc01e6d7a37ee6d243f536ee4dc9ecd96,results/space_groups/sg120.json,3192d17261224e47cfbfb11705b1b1fd7255dbc9c0eea57f3bd5f003340b745d
121,crystalline spin-1/2,internal spinless,s=w1; omega=0,[],[],[2],"[2,2,2,2,2]","[2,2,2,2,2,2]",9c16c0714da16a1ed5dc23b7830701afc01e6d7a37ee6d243f536ee4dc9ecd96,results/space_groups/sg121.json,f0a646aaa1ad086c02c17a038a88c9741008158af3b276d489ed4f285fde4ab5
122,crystalline spin-1/2,internal spinless,s=w1; omega=0,[2],[2],"[2,2,2]","[2,4]","[4,8,8]",9c16c0714da16a1ed5dc23b7830701afc01e6d7a37ee6d243f536ee4dc9ecd96,results/space_groups/sg122.json,0224eda69c83ad97a8a7968e41535f3e6d4e56321481161b3c773c500bb00147
123,crystalline spin-1/2,internal spinless,s=w1; omega=0,[],[],[],"[2,2,2,2,2,2,2,2,2,2,2,2,2,2,2,2,2,2]","[2,2,2,2,2,2,2,2,2,2,2,2,2,2,2,2,2,2]",9c16c0714da16a1ed5dc23b7830701afc01e6d7a37ee6d243f536ee4dc9ecd96,results/space_groups/sg123.json,6f82be87986a3011afa2747313fc84f1e3176cc06288d71de6dfae5ce51d5f5d
124,crystalline spin-1/2,internal spinless,s=w1; omega=0,[],[],"[2,2]","[2,2,2,2,2,2,2]","[2,2,2,2,2,2,2,4]",9c16c0714da16a1ed5dc23b7830701afc01e6d7a37ee6d243f536ee4dc9ecd96,results/space_groups/sg124.json,81298a7ea9c3b2575b0e40c113f55f7b0aa7b80549dfe2bd3842ed6a71b5e663
125,crystalline spin-1/2,internal spinless,s=w1; omega=0,[],[],[],"[2,2,2,2,2,2,2]","[2,2,2,2,2,2,2]",9c16c0714da16a1ed5dc23b7830701afc01e6d7a37ee6d243f536ee4dc9ecd96,results/space_groups/sg125.json,1f366897820af084cefb3d45c7b4ab6ba88025c722a673541a3b34e82d89075d
126,crystalline spin-1/2,internal spinless,s=w1; omega=0,[],[],[2],"[2,2,2,2,2,2]","[2,2,2,2,2,2,2]",9c16c0714da16a1ed5dc23b7830701afc01e6d7a37ee6d243f536ee4dc9ecd96,results/space_groups/sg126.json,090e1548ee03e2d47bb22586425b711382dd01969be1e0a3a578390f3a9aa712
127,crystalline spin-1/2,internal spinless,s=w1; omega=0,[],[],"[2,2]","[2,2,2,2,2,2,2,4]","[2,2,2,2,2,2,2,2,8]",9c16c0714da16a1ed5dc23b7830701afc01e6d7a37ee6d243f536ee4dc9ecd96,results/space_groups/sg127.json,533daef8a6e44c8a24526bc7ab26d1c57c78e63e49320f8d879855b3fbc04193
128,crystalline spin-1/2,internal spinless,s=w1; omega=0,[],[],"[2,2,2]","[2,2,2,4]","[2,2,2,2,2,8]",9c16c0714da16a1ed5dc23b7830701afc01e6d7a37ee6d243f536ee4dc9ecd96,results/space_groups/sg128.json,e873c037cfc683c5f080088139d20f69ac11b1e448872f1ed5a723460a351d12
129,crystalline spin-1/2,internal spinless,s=w1; omega=0,[],[],[],"[2,2,2,2,2]","[2,2,2,2,2]",9c16c0714da16a1ed5dc23b7830701afc01e6d7a37ee6d243f536ee4dc9ecd96,results/space_groups/sg129.json,8e33fda872ed1deb86a1d8f1289c9a5ff99438fe90a64afdbd6f214e3bbe9045
130,crystalline spin-1/2,internal spinless,s=w1; omega=0,[],[2],"[2,2]","[2,2]","[2,2,2,2,2]",9c16c0714da16a1ed5dc23b7830701afc01e6d7a37ee6d243f536ee4dc9ecd96,results/space_groups/sg130.json,017967676f488eb64a3b69378b8fe48709866aa1cc4243889b87835bbb632088
131,crystalline spin-1/2,internal spinless,s=w1; omega=0,[],[],[],"[2,2,2,2,2,2,2,2,2,2,2,2,2,2]","[2,2,2,2,2,2,2,2,2,2,2,2,2,2]",9c16c0714da16a1ed5dc23b7830701afc01e6d7a37ee6d243f536ee4dc9ecd96,results/space_groups/sg131.json,d5dee9d8e14d14a62232eed843aece33e6f39f3ededf257d69acd2f0919a5f56
132,crystalline spin-1/2,internal spinless,s=w1; omega=0,[],[],[],"[2,2,2,2,2,2,2,2,2,2]","[2,2,2,2,2,2,2,2,2,2]",9c16c0714da16a1ed5dc23b7830701afc01e6d7a37ee6d243f536ee4dc9ecd96,results/space_groups/sg132.json,3599ae290fddfc65c9e93996e7dacd18d358d4d9110a204c005d36281b72a37c
133,crystalline spin-1/2,internal spinless,s=w1; omega=0,[],[],[2],"[2,2,2,2,2,2]","[2,2,2,2,2,2,2]",9c16c0714da16a1ed5dc23b7830701afc01e6d7a37ee6d243f536ee4dc9ecd96,results/space_groups/sg133.json,a59d418387b63c0906031efb06453177e8fd0dde3879c8f84b5825fac402cd3e
134,crystalline spin-1/2,internal spinless,s=w1; omega=0,[],[],[],"[2,2,2,2,2,2,2]","[2,2,2,2,2,2,2]",9c16c0714da16a1ed5dc23b7830701afc01e6d7a37ee6d243f536ee4dc9ecd96,results/space_groups/sg134.json,5bf02ae1caf8b51fca57407f9c431e2e94e8c807e674251c1dfc73865472d598
135,crystalline spin-1/2,internal spinless,s=w1; omega=0,[],[],"[2,2,2]","[2,2,2]","[2,2,2,2,4]",9c16c0714da16a1ed5dc23b7830701afc01e6d7a37ee6d243f536ee4dc9ecd96,results/space_groups/sg135.json,e454fc9d4b4c4a6152a4843a5868f4e73d68978c492935dc841662fb4687bc49
136,crystalline spin-1/2,internal spinless,s=w1; omega=0,[],[],"[2,2]","[2,2,2,2,2,2,2]","[2,2,2,2,2,2,2,4]",9c16c0714da16a1ed5dc23b7830701afc01e6d7a37ee6d243f536ee4dc9ecd96,results/space_groups/sg136.json,5dd9a25bf9999d9d93b6a207271dfe50c77f0681f99b5f1ab24a34c38fc6e692
137,crystalline spin-1/2,internal spinless,s=w1; omega=0,[],[],[],"[2,2,2,2]","[2,2,2,2]",9c16c0714da16a1ed5dc23b7830701afc01e6d7a37ee6d243f536ee4dc9ecd96,results/space_groups/sg137.json,0fee2ea970d1a621e47f451bfef34623603378f09725ce1779143981466e72f7
138,crystalline spin-1/2,internal spinless,s=w1; omega=0,[],[],"[2,2]","[2,2,2]","[2,2,2,2,2]",9c16c0714da16a1ed5dc23b7830701afc01e6d7a37ee6d243f536ee4dc9ecd96,results/space_groups/sg138.json,07996ce57d945e94449da62122bbaeba3602c83007d424f63cbc7fd7c122d28e
139,crystalline spin-1/2,internal spinless,s=w1; omega=0,[],[],[],"[2,2,2,2,2,2,2,2,2,2]","[2,2,2,2,2,2,2,2,2,2]",9c16c0714da16a1ed5dc23b7830701afc01e6d7a37ee6d243f536ee4dc9ecd96,results/space_groups/sg139.json,9d3931d13aa07ea45fa23d6bf9836404ccebb92735dac4b68d910a957ea06e55
140,crystalline spin-1/2,internal spinless,s=w1; omega=0,[],[],[2],"[2,2,2,2,2,2]","[2,2,2,2,2,2,2]",9c16c0714da16a1ed5dc23b7830701afc01e6d7a37ee6d243f536ee4dc9ecd96,results/space_groups/sg140.json,b020b86ba8a49c9d59ecf7d6e50fce5b4761a7fb9e12174c97c5be3edd46752e
141,crystalline spin-1/2,internal spinless,s=w1; omega=0,[],[],[2],"[2,2,2,2]","[2,2,2,4]",9c16c0714da16a1ed5dc23b7830701afc01e6d7a37ee6d243f536ee4dc9ecd96,results/space_groups/sg141.json,c9006c9df779914754948107bd6b8db2d0c471123bb168e4e03ef59ddb50cdad
142,crystalline spin-1/2,internal spinless,s=w1; omega=0,[],[2],[2],"[2,2]","[2,2,2,2]",9c16c0714da16a1ed5dc23b7830701afc01e6d7a37ee6d243f536ee4dc9ecd96,results/space_groups/sg142.json,1bf836b09faa161c4f60282d92f05f24f3c0c06ed1b6512c1b3eaaff114ec0ab
143,crystalline spin-1/2,internal spinless,s=w1; omega=0,[0],[2],[2],"[3,3,3]","[0,3,6,6]",9c16c0714da16a1ed5dc23b7830701afc01e6d7a37ee6d243f536ee4dc9ecd96,results/space_groups/sg143.json,9e76d0b27bafe77a18d450ad1f4ad1e623bdccdaae988cfcd025277095a3b4a3
144,crystalline spin-1/2,internal spinless,s=w1; omega=0,[0],[2],[2],[],"[0,2,2]",9c16c0714da16a1ed5dc23b7830701afc01e6d7a37ee6d243f536ee4dc9ecd96,results/space_groups/sg144.json,ee60e0bdfe43e3da583afa6806ca5872ec94961a87d0cb8fd654ad3d4d0a443c
145,crystalline spin-1/2,internal spinless,s=w1; omega=0,[0],[2],[2],[],"[0,2,2]",9c16c0714da16a1ed5dc23b7830701afc01e6d7a37ee6d243f536ee4dc9ecd96,results/space_groups/sg145.json,8a7271e04453a1ff8f6d5d354e345ab8783ba8c64847cf13a8c491ea1c7374d4
146,crystalline spin-1/2,internal spinless,s=w1; omega=0,[0],[2],[2],[3],"[0,2,6]",9c16c0714da16a1ed5dc23b7830701afc01e6d7a37ee6d243f536ee4dc9ecd96,results/space_groups/sg146.json,87cdd03727bc16c9ecc9842ca6e7d9fd9edf0c768504bf67775932bb7cfce214
147,crystalline spin-1/2,internal spinless,s=w1; omega=0,[0],[],"[2,2]","[3,6]","[0,2,6,6]",9c16c0714da16a1ed5dc23b7830701afc01e6d7a37ee6d243f536ee4dc9ecd96,results/space_groups/sg147.json,4850f48b573773a4924c7aefc8c85f719d88a85657b7c26cb99cea5140111487
148,crystalline spin-1/2,internal spinless,s=w1; omega=0,[0],[],"[2,2]",[6],"[0,2,2,6]",9c16c0714da16a1ed5dc23b7830701afc01e6d7a37ee6d243f536ee4dc9ecd96,results/space_groups/sg148.json,a1156958c5b42e216cdae11ac2823af31a8f67cce71190b4dda4f07ef3a5943e
149,crystalline spin-1/2,internal spinless,s=w1; omega=0,[],[2],"[2,2]","[2,2]","[4,8]",9c16c0714da16a1ed5dc23b7830701afc01e6d7a37ee6d243f536ee4dc9ecd96,results/space_groups/sg149.json,b5cf72f26f7fc1512e4d184918ece72570151c0cddbb0aebe992ab59f6ebefae
150,crystalline spin-1/2,internal spinless,s=w1; omega=0,[],[2],"[2,2]","[2,6]","[4,24]",9c16c0714da16a1ed5dc23b7830701afc01e6d7a37ee6d243f536ee4dc9ecd96,results/space_groups/sg150.json,6caa511df83f88b3450b24d62a837b24f8da9068b3d6f8c5dae6361adcc5169c
151,crystalline spin-1/2,internal spinless,s=w1; omega=0,[],[2],"[2,2]","[2,2]","[4,8]",9c16c0714da16a1ed5dc23b7830701afc01e6d7a37ee6d243f536ee4dc9ecd96,results/space_groups/sg151.json,4eeafecb73b9359ce0a2473f068935dcdb36696ae02cb6e408455394ff7fc320
152,crystalline spin-1/2,internal spinless,s=w1; omega=0,[],[2],"[2,2]","[2,2]","[4,8]",9c16c0714da16a1ed5dc23b7830701afc01e6d7a37ee6d243f536ee4dc9ecd96,results/space_groups/sg152.json,6868d19ea310be68cbcba12efaa92a75d4b0559b180c0d5127ea6c0fc95c70ad
153,crystalline spin-1/2,internal spinless,s=w1; omega=0,[],[2],"[2,2]","[2,2]","[4,8]",9c16c0714da16a1ed5dc23b7830701afc01e6d7a37ee6d243f536ee4dc9ecd96,results/space_groups/sg153.json,14148fcfb3a11dbc75cdbedef7a2b7b350c4fb48f95e3efc09b0a15e1e4242a7
154,crystalline spin-1/2,internal spinless,s=w1; omega=0,[],[2],"[2,2]","[2,2]","[4,8]",9c16c0714da16a1ed5dc23b7830701afc01e6d7a37ee6d243f536ee4dc9ecd96,results/space_groups/sg154.json,82a8e1f1e8d9cfbdf1649a7efeaa0f41ed2c10852972414284f1b542e7066177
155,crystalline spin-1/2,internal spinless,s=w1; omega=0,[],[2],"[2,2]","[2,2]","[4,8]",9c16c0714da16a1ed5dc23b7830701afc01e6d7a37ee6d243f536ee4dc9ecd96,results/space_groups/sg155.json,cb1fbbad6ab0c37a69e22dd5e41889d34f9699f0eae30b64a98d324e9e7acd9e
156,crystalline spin-1/2,internal spinless,s=w1; omega=0,[],[],[2],[2],[4],9c16c0714da16a1ed5dc23b7830701afc01e6d7a37ee6d243f536ee4dc9ecd96,results/space_groups/sg156.json,06056d35bae867da0a0212934a285a12a106014b61ab5b841ac9aa1173cacb68
157,crystalline spin-1/2,internal spinless,s=w1; omega=0,[],[],[2],[6],[12],9c16c0714da16a1ed5dc23b7830701afc01e6d7a37ee6d243f536ee4dc9ecd96,results/space_groups/sg157.json,2b82436e46b62a69eb55fbb30f6c352d502d5c9d37ba6f4d0605c8dddf19cc20
158,crystalline spin-1/2,internal spinless,s=w1; omega=0,[2],[2],[2],[],"[2,2,2]",9c16c0714da16a1ed5dc23b7830701afc01e6d7a37ee6d243f536ee4dc9ecd96,results/space_groups/sg158.json,91e1c756e1b045a89d41ea3333ebcfdb7e373126017acac5e83070e24a483187
159,crystalline spin-1/2,internal spinless,s=w1; omega=0,[2],[2],[2],[3],"[2,2,6]",9c16c0714da16a1ed5dc23b7830701afc01e6d7a37ee6d243f536ee4dc9ecd96,results/space_groups/sg159.json,5124e7f53195f723f33b68f2b800d116be16ff26c898bfa1c0cd50fc003a7655
160,crystalline spin-1/2,internal spinless,s=w1; omega=0,[],[],[2],[2],[4],9c16c0714da16a1ed5dc23b7830701afc01e6d7a37ee6d243f536ee4dc9ecd96,results/space_groups/sg160.json,3c42976befed46c25492a4ce5faa6d8082261cd70895651d7229a1cbe312a9a1
161,crystalline spin-1/2,internal spinless,s=w1; omega=0,[2],[2],[2],[],"[2,2,2]",9c16c0714da16a1ed5dc23b7830701afc01e6d7a37ee6d243f536ee4dc9ecd96,results/space_groups/sg161.json,a73824020ec0a15567db9f1e67ddcaf2b1f6b8852cec2bbd7ae2b7a89bd072ff
162,crystalline spin-1/2,internal spinless,s=w1; omega=0,[],[],"[2,2]","[2,2,2]","[2,4,4]",9c16c0714da16a1ed5dc23b7830701afc01e6d7a37ee6d243f536ee4dc9ecd96,results/space_groups/sg162.json,0995df71053fce07bc91e46365266538280ca34d9e6f6975ea8473e9391e82d9
163,crystalline spin-1/2,internal spinless,s=w1; omega=0,[],[],"[2,2]",[2],"[2,4]",9c16c0714da16a1ed5dc23b7830701afc01e6d7a37ee6d243f536ee4dc9ecd96,results/space_groups/sg163.json,76086a03b36d3ec007bc69e4870e2f5cacf415319b47d663a2466b5714744bf8
164,crystalline spin-1/2,internal spinless,s=w1; omega=0,[],[],"[2,2]","[2,2,2]","[2,4,4]",9c16c0714da16a1ed5dc23b7830701afc01e6d7a37ee6d243f536ee4dc9ecd96,results/space_groups/sg164.json,d1f7ec16d5572c71e3780b48bd38d46788b62367379d8b09f4bf33fc4c236453
165,crystalline spin-1/2,internal spinless,s=w1; omega=0,[],[],"[2,2]",[2],"[2,4]",9c16c0714da16a1ed5dc23b7830701afc01e6d7a37ee6d243f536ee4dc9ecd96,results/space_groups/sg165.json,97c72862bb6fa2f75baf99746a48124c3af96dfcc799cd6da8da3f6735d190fc
166,crystalline spin-1/2,internal spinless,s=w1; omega=0,[],[],"[2,2]","[2,2,2]","[2,4,4]",9c16c0714da16a1ed5dc23b7830701afc01e6d7a37ee6d243f536ee4dc9ecd96,results/space_groups/sg166.json,7ad3854c9d36222b98b1dfe324051997b9bcd8b8c042db18ea6d9c2a0fc44f55
167,crystalline spin-1/2,internal spinless,s=w1; omega=0,[],[],"[2,2]",[2],"[2,4]",9c16c0714da16a1ed5dc23b7830701afc01e6d7a37ee6d243f536ee4dc9ecd96,results/space_groups/sg167.json,d84f0ff89bc3809e72ecd61c73122f529df767b3d3149c7cf5f6c7904e948e5f
168,crystalline spin-1/2,internal spinless,s=w1; omega=0,[0],[2],"[2,2]","[6,6]","[0,12,24]",9c16c0714da16a1ed5dc23b7830701afc01e6d7a37ee6d243f536ee4dc9ecd96,results/space_groups/sg168.json,15fe4e5075243e5d6e641f73a68f5c4ed88ef42a47aad0b023d096f2e213f87a
169,crystalline spin-1/2,internal spinless,s=w1; omega=0,[0],[2],[2],[],"[0,2,2]",9c16c0714da16a1ed5dc23b7830701afc01e6d7a37ee6d243f536ee4dc9ecd96,results/space_groups/sg169.json,576cc3f11ba526efd4e87011b82e068a92dcea68c8950c249b3762333ba1ab2f
170,crystalline spin-1/2,internal spinless,s=w1; omega=0,[0],[2],[2],[],"[0,2,2]",9c16c0714da16a1ed5dc23b7830701afc01e6d7a37ee6d243f536ee4dc9ecd96,results/space_groups/sg170.json,fdb627f1793a545af33a9f667061798c27cc45f9d4cc41860d2ad997b2f4ded3
171,crystalline spin-1/2,internal spinless,s=w1; omega=0,[0],[2],"[2,2]","[2,2]","[0,4,8]",9c16c0714da16a1ed5dc23b7830701afc01e6d7a37ee6d243f536ee4dc9ecd96,results/space_groups/sg171.json,73bf8c0c58e9e48f0710a8fcd43cfbd2588923a04515fcdf375f0a6ec6de3d30
172,crystalline spin-1/2,internal spinless,s=w1; omega=0,[0],[2],"[2,2]","[2,2]","[0,4,8]",9c16c0714da16a1ed5dc23b7830701afc01e6d7a37ee6d243f536ee4dc9ecd96,results/space_groups/sg172.json,6d159d6b9ae55c1cdd5b958aa5caae330d8f5fdeade40c4115ed9f058d686df8
173,crystalline spin-1/2,internal spinless,s=w1; omega=0,[0],[2],[2],"[3,3]","[0,6,6]",9c16c0714da16a1ed5dc23b7830701afc01e6d7a37ee6d243f536ee4dc9ecd96,results/space_groups/sg173.json,de592c6971f3d4392388c7e00fc770c9da35e65ed688a3cb84f5c5f165a84280
174,crystalline spin-1/2,internal spinless,s=w1; omega=0,[0],[2],"[2,2]","[3,6,6]","[0,3,12,24]",9c16c0714da16a1ed5dc23b7830701afc01e6d7a37ee6d243f536ee4dc9ecd96,results/space_groups/sg174.json,64ce64968da71ce00f8e5f1c71a4ae3e56aa579ac5ea0c9b0af22a5626f9aa3e
175,crystalline spin-1/2,internal spinless,s=w1; omega=0,[0],[],"[2,2,2]","[2,2,6,6]","[0,2,4,12,12]",9c16c0714da16a1ed5dc23b7830701afc01e6d7a37ee6d243f536ee4dc9ecd96,results/space_groups/sg175.json,bf6ad7cb474556225be13474045e0bdfef11029cb2eab6921f966d767c230fe2
176,crystalline spin-1/2,internal spinless,s=w1; omega=0,[0],[],"[2,2]","[3,6]","[0,6,12]",9c16c0714da16a1ed5dc23b7830701afc01e6d7a37ee6d243f536ee4dc9ecd96,results/space_groups/sg176.json,3e587d3a48f12478e44ad72cd92df49b4c659352f351e0f48369016f2ed2253a
177,crystalline spin-1/2,internal spinless,s=w1; omega=0,[],[],[],"[2,2,2,2,2,2,2,2]","[2,2,2,2,2,2,2,2]",9c16c0714da16a1ed5dc23b7830701afc01e6d7a37ee6d243f536ee4dc9ecd96,results/space_groups/sg177.json,1ce118e2b464e4be6331aa9d689f970956e62a1803b0c9ae052a721a7de86c0d
178,crystalline spin-1/2,internal spinless,s=w1; omega=0,[],[2],"[2,2]","[2,2]","[4,8]",9c16c0714da16a1ed5dc23b7830701afc01e6d7a37ee6d243f536ee4dc9ecd96,results/space_groups/sg178.json,9a3de5b3cbc3ea8bdb32336a63dce30ab19c99be59b1c102c176cd24dc6964ca
179,crystalline spin-1/2,internal spinless,s=w1; omega=0,[],[2],"[2,2]","[2,2]","[4,8]",9c16c0714da16a1ed5dc23b7830701afc01e6d7a37ee6d243f536ee4dc9ecd96,results/space_groups/sg179.json,846c4abe84353ea084421e35e13aefcaa9bf94a8aabdc44c6fb703bb4bdb72f1
180,crystalline spin-1/2,internal spinless,s=w1; omega=0,[],[],[],"[2,2,2,2,2,2,2,2]","[2,2,2,2,2,2,2,2]",9c16c0714da16a1ed5dc23b7830701afc01e6d7a37ee6d243f536ee4dc9ecd96,results/space_groups/sg180.json,1cca19ad324f69e2750b1a7563d77f6f09099fc382b052e4bcc79fd643c66245
181,crystalline spin-1/2,internal spinless,s=w1; omega=0,[],[],[],"[2,2,2,2,2,2,2,2]","[2,2,2,2,2,2,2,2]",9c16c0714da16a1ed5dc23b7830701afc01e6d7a37ee6d243f536ee4dc9ecd96,results/space_groups/sg181.json,0f65f7994f22ccd264c3cac84e8c49617d7f3ecfa031508d7bae3d8712cc081b
182,crystalline spin-1/2,internal spinless,s=w1; omega=0,[],[2],"[2,2]","[2,2]","[4,8]",9c16c0714da16a1ed5dc23b7830701afc01e6d7a37ee6d243f536ee4dc9ecd96,results/space_groups/sg182.json,272fb4efb6a0264478295c74e8923d9b427c51995690b319422b6ba09e128cd3
183,crystalline spin-1/2,internal spinless,s=w1; omega=0,[],[],[],"[2,2,2,2]","[2,2,2,2]",9c16c0714da16a1ed5dc23b7830701afc01e6d7a37ee6d243f536ee4dc9ecd96,results/space_groups/sg183.json,eab4e8ff2fb6f660f7ff1e60597769d0730ea1d6b2c56ae0178454fc91b4b624
184,crystalline spin-1/2,internal spinless,s=w1; omega=0,[2],[2],[2],[],"[2,2,2]",9c16c0714da16a1ed5dc23b7830701afc01e6d7a37ee6d243f536ee4dc9ecd96,results/space_groups/sg184.json,79b75fa30e785bdd11538734627a4a83bf0908545b2cb386c45961107ea6a6eb
185,crystalline spin-1/2,internal spinless,s=w1; omega=0,[],[],[2],[],[2],9c16c0714da16a1ed5dc23b7830701afc01e6d7a37ee6d243f536ee4dc9ecd96,results/space_groups/sg185.json,5c29b841e74bc269a443b9583386a55a1b355913132fc5349b97b7177c66ec0e
186,crystalline spin-1/2,internal spinless,s=w1; omega=0,[],[],[2],[],[2],9c16c0714da16a1ed5dc23b7830701afc01e6d7a37ee6d243f536ee4dc9ecd96,results/space_groups/sg186.json,80685cb6b8edda1de1b1ef11bc5bcc5180c02ce61d5fe49d494808ded33b0023
187,crystalline spin-1/2,internal spinless,s=w1; omega=0,[],[],[],"[2,2,2,2]","[2,2,2,2]",9c16c0714da16a1ed5dc23b7830701afc01e6d7a37ee6d243f536ee4dc9ecd96,results/space_groups/sg187.json,a545787b9d1ea79e03c31b5551612976747bb1ac77b5fde8c20abcd4f1c624e7
188,crystalline spin-1/2,internal spinless,s=w1; omega=0,[],[2],"[2,2]","[2,2]","[4,8]",9c16c0714da16a1ed5dc23b7830701afc01e6d7a37ee6d243f536ee4dc9ecd96,results/space_groups/sg188.json,3bb2215f3276dce7b6a40c5228a652a92d8a6b51b6d7a90c276de1aba5927df8
189,crystalline spin-1/2,internal spinless,s=w1; omega=0,[],[],[],"[2,2,2,6]","[2,2,2,6]",9c16c0714da16a1ed5dc23b7830701afc01e6d7a37ee6d243f536ee4dc9ecd96,results/space_groups/sg189.json,2279f607c4c320a21ac8019fe49d8a97da06109d76af0fc06b17fa7c6dfd4939
190,crystalline spin-1/2,internal spinless,s=w1; omega=0,[],[2],"[2,2]","[2,6]","[4,24]",9c16c0714da16a1ed5dc23b7830701afc01e6d7a37ee6d243f536ee4dc9ecd96,results/space_groups/sg190.json,e0ca38670f484bef131b74c3cb894e3af8ed4946d56fa571dcc56aca882a5b6c
191,crystalline spin-1/2,internal spinless,s=w1; omega=0,[],[],[],"[2,2,2,2,2,2,2,2,2,2,2,2]","[2,2,2,2,2,2,2,2,2,2,2,2]",9c16c0714da16a1ed5dc23b7830701afc01e6d7a37ee6d243f536ee4dc9ecd96,results/space_groups/sg191.json,32da5f9a1389329133a72d1d444e9f43a72bb539830c5a8d8c1a724bde95bd28
192,crystalline spin-1/2,internal spinless,s=w1; omega=0,[],[],[2],"[2,2,2,2,2]","[2,2,2,2,4]",9c16c0714da16a1ed5dc23b7830701afc01e6d7a37ee6d243f536ee4dc9ecd96,results/space_groups/sg192.json,d7802c6c7f428b707c6b663fd3fca781264795acf9b5294226f56bcc4a265cbb
193,crystalline spin-1/2,internal spinless,s=w1; omega=0,[],[],[2],"[2,2,2]","[2,2,4]",9c16c0714da16a1ed5dc23b7830701afc01e6d7a37ee6d243f536ee4dc9ecd96,results/space_groups/sg193.json,cf165f5f5424b4b4b264f4cb6dd6f1689791536d9c72db7a1d9712b0243f37c8
194,crystalline spin-1/2,internal spinless,s=w1; omega=0,[],[],[2],"[2,2,2]","[2,2,4]",9c16c0714da16a1ed5dc23b7830701afc01e6d7a37ee6d243f536ee4dc9ecd96,results/space_groups/sg194.json,78dece1a70ecdb8fa1284db661cbad2e4cf427154e588a85e5c135b901c16061
195,crystalline spin-1/2,internal spinless,s=w1; omega=0,[],[],[],"[2,2,2,6]","[2,2,2,6]",9c16c0714da16a1ed5dc23b7830701afc01e6d7a37ee6d243f536ee4dc9ecd96,results/space_groups/sg195.json,9d18691fc2ec4484b3d248f3a41620de75d08ec77bba0b4e0b8891e792448827
196,crystalline spin-1/2,internal spinless,s=w1; omega=0,[],[2],[],[3],[6],9c16c0714da16a1ed5dc23b7830701afc01e6d7a37ee6d243f536ee4dc9ecd96,results/space_groups/sg196.json,a1c7f048329644c3c22153ddd1c400c71afd711d567cff044b96cbeaa3d4a2b9
197,crystalline spin-1/2,internal spinless,s=w1; omega=0,[],[],[],"[2,6]","[2,6]",9c16c0714da16a1ed5dc23b7830701afc01e6d7a37ee6d243f536ee4dc9ecd96,results/space_groups/sg197.json,094507f0c053123e7453c5dc591b4f58fca9483866f8843bfa3a816fc96a52b5
198,crystalline spin-1/2,internal spinless,s=w1; omega=0,[],[],[2],[3],[6],9c16c0714da16a1ed5dc23b7830701afc01e6d7a37ee6d243f536ee4dc9ecd96,results/space_groups/sg198.json,92a2af4fa294093d59b466fdcc0722ecf1419d886e6f4c2bdea1d4f080fb251c
199,crystalline spin-1/2,internal spinless,s=w1; omega=0,[],[],[2],[6],[12],9c16c0714da16a1ed5dc23b7830701afc01e6d7a37ee6d243f536ee4dc9ecd96,results/space_groups/sg199.json,4e97dbe80bd8c1f52afd6c47b2e665c6f951731cacd583da560f43344e983977
200,crystalline spin-1/2,internal spinless,s=w1; omega=0,[],[],[],"[2,2,2,2,2,2,2,6]","[2,2,2,2,2,2,2,6]",9c16c0714da16a1ed5dc23b7830701afc01e6d7a37ee6d243f536ee4dc9ecd96,results/space_groups/sg200.json,1e6d25d8af76cb6a8ec3f60ffd81f7374901f483010403795fdf4fad12c59f2d
201,crystalline spin-1/2,internal spinless,s=w1; omega=0,[],[],[],"[2,6]","[2,6]",9c16c0714da16a1ed5dc23b7830701afc01e6d7a37ee6d243f536ee4dc9ecd96,results/space_groups/sg201.json,72784654becbabec3f8aeee69a955cdf2cd0f3f4f2de621699bfc166cd15598b
202,crystalline spin-1/2,internal spinless,s=w1; omega=0,[],[],[2],"[2,6]","[2,2,6]",9c16c0714da16a1ed5dc23b7830701afc01e6d7a37ee6d243f536ee4dc9ecd96,results/space_groups/sg202.json,ab999fcfde9298e7ce181994e5dca4503060bf3679748460396e008f9b86267b
203,crystalline spin-1/2,internal spinless,s=w1; omega=0,[],[],[2],[3],[6],9c16c0714da16a1ed5dc23b7830701afc01e6d7a37ee6d243f536ee4dc9ecd96,results/space_groups/sg203.json,74a75ec053790ba6aa90eb29028f9a593355a1c15c2d45ab49bd48c38c47ac53
204,crystalline spin-1/2,internal spinless,s=w1; omega=0,[],[],[],"[2,2,2,6]","[2,2,2,6]",9c16c0714da16a1ed5dc23b7830701afc01e6d7a37ee6d243f536ee4dc9ecd96,results/space_groups/sg204.json,eeaf194232a06af7bc9a6e83843e15fae446227dfdaf4248fe4a371dc61918b7
205,crystalline spin-1/2,internal spinless,s=w1; omega=0,[],[],[2],[6],"[2,6]",9c16c0714da16a1ed5dc23b7830701afc01e6d7a37ee6d243f536ee4dc9ecd96,results/space_groups/sg205.json,fa23dc224ae3529b42429bc4310ad2a4fac8f3daf75c3497c747af5ac3378ec7
206,crystalline spin-1/2,internal spinless,s=w1; omega=0,[],[],[2],[3],[6],9c16c0714da16a1ed5dc23b7830701afc01e6d7a37ee6d243f536ee4dc9ecd96,results/space_groups/sg206.json,f2d657f994ea5ebfd6959f94d5723b1f91363e2b7578d63e4209ed52bd223a99
207,crystalline spin-1/2,internal spinless,s=w1; omega=0,[],[],[],"[2,2,2,2,2,2]","[2,2,2,2,2,2]",9c16c0714da16a1ed5dc23b7830701afc01e6d7a37ee6d243f536ee4dc9ecd96,results/space_groups/sg207.json,b43f4f8ede34de9388abd28e54c2d61440170461027f2175391255d6234d0182
208,crystalline spin-1/2,internal spinless,s=w1; omega=0,[],[],[],"[2,2,2,2,2,2]","[2,2,2,2,2,2]",9c16c0714da16a1ed5dc23b7830701afc01e6d7a37ee6d243f536ee4dc9ecd96,results/space_groups/sg208.json,0910bdee8748bbefc3d2491e8bf153d377ea79f8917a29f074a006bd335ca7e9
209,crystalline spin-1/2,internal spinless,s=w1; omega=0,[],[],[],"[2,2,2,2]","[2,2,2,2]",9c16c0714da16a1ed5dc23b7830701afc01e6d7a37ee6d243f536ee4dc9ecd96,results/space_groups/sg209.json,8ad8ffd90b3d43796629c2580e65417f53b9bfa2d234d4c8707c4fdfc62714e2
210,crystalline spin-1/2,internal spinless,s=w1; omega=0,[],[2],[2],[2],[8],9c16c0714da16a1ed5dc23b7830701afc01e6d7a37ee6d243f536ee4dc9ecd96,results/space_groups/sg210.json,23c33e7cf987a6648278ecc1972d64cb60c38ea257d933726c85bb32d168163c
211,crystalline spin-1/2,internal spinless,s=w1; omega=0,[],[],[],"[2,2,2,2,2]","[2,2,2,2,2]",9c16c0714da16a1ed5dc23b7830701afc01e6d7a37ee6d243f536ee4dc9ecd96,results/space_groups/sg211.json,7ce98c1bd229cee2e1bafb4e8fdab42f191bfe469594f8727dd94d907c77e4e0
212,crystalline spin-1/2,internal spinless,s=w1; omega=0,[],[],[2],[2],[4],9c16c0714da16a1ed5dc23b7830701afc01e6d7a37ee6d243f536ee4dc9ecd96,results/space_groups/sg212.json,f35331979f9483aebe69003a2973e663d36c1809892bb90261f52557df388280
213,crystalline spin-1/2,internal spinless,s=w1; omega=0,[],[],[2],[2],[4],9c16c0714da16a1ed5dc23b7830701afc01e6d7a37ee6d243f536ee4dc9ecd96,results/space_groups/sg213.json,d5832f25fe8987b51b1a14d4069c78d930ec03c144a041943ec7f12c469c4ea0
214,crystalline spin-1/2,internal spinless,s=w1; omega=0,[],[],[],"[2,2,2,2]","[2,2,2,2]",9c16c0714da16a1ed5dc23b7830701afc01e6d7a37ee6d243f536ee4dc9ecd96,results/space_groups/sg214.json,bfea665a2a70d0d5eee51cef19b32fdb0870a8853b7ef45574a449672b85e699
215,crystalline spin-1/2,internal spinless,s=w1; omega=0,[],[],[],"[2,2,2,2]","[2,2,2,2]",9c16c0714da16a1ed5dc23b7830701afc01e6d7a37ee6d243f536ee4dc9ecd96,results/space_groups/sg215.json,71ad54b5f0c52ac4a7d2aa56e833b287ffadafbde126a5676bd7882ec6f2e395
216,crystalline spin-1/2,internal spinless,s=w1; omega=0,[],[],[],"[2,2]","[2,2]",9c16c0714da16a1ed5dc23b7830701afc01e6d7a37ee6d243f536ee4dc9ecd96,results/space_groups/sg216.json,b09a19b5f57497201632f18c03b88b8b30e11d9b5fca1273b890b3310fc3d26d
217,crystalline spin-1/2,internal spinless,s=w1; omega=0,[],[],[2],"[2,2]","[2,2,2]",9c16c0714da16a1ed5dc23b7830701afc01e6d7a37ee6d243f536ee4dc9ecd96,results/space_groups/sg217.json,0ed08a51185b2e8eceda50dc05f9e58054b81ee1950d20131e5e86d429e55b8f
218,crystalline spin-1/2,internal spinless,s=w1; omega=0,[2],[],"[2,2]","[2,2]","[2,2,2,4]",9c16c0714da16a1ed5dc23b7830701afc01e6d7a37ee6d243f536ee4dc9ecd96,results/space_groups/sg218.json,3067290d5ccf8e87d872824194e5b6d1ba40bc411825c9762d0e666ee60ce626
219,crystalline spin-1/2,internal spinless,s=w1; omega=0,[2],[2],"[2,2]",[],"[2,2,4]",9c16c0714da16a1ed5dc23b7830701afc01e6d7a37ee6d243f536ee4dc9ecd96,results/space_groups/sg219.json,8be50e428d56c2d9a04c628ed091475394aaec377e7ea6bb1cd372e4a6cb154c
220,crystalline spin-1/2,internal spinless,s=w1; omega=0,[2],[],"[2,2]",[4],"[4,8]",9c16c0714da16a1ed5dc23b7830701afc01e6d7a37ee6d243f536ee4dc9ecd96,results/space_groups/sg220.json,67347f677e42f09cfd0288554513900b04bfbabb315b08f35903e9436ffc322f
221,crystalline spin-1/2,internal spinless,s=w1; omega=0,[],[],[],"[2,2,2,2,2,2,2,2,2,2]","[2,2,2,2,2,2,2,2,2,2]",9c16c0714da16a1ed5dc23b7830701afc01e6d7a37ee6d243f536ee4dc9ecd96,results/space_groups/sg221.json,19e631690dd91268270ff955f8efb7e16cb216d18e7f01544ef75309769b27f1
222,crystalline spin-1/2,internal spinless,s=w1; omega=0,[],[],[2],"[2,2,2]","[2,2,2,2]",9c16c0714da16a1ed5dc23b7830701afc01e6d7a37ee6d243f536ee4dc9ecd96,results/space_groups/sg222.json,8d87fbd900e4372b147a7f2a9a211ee2a930e50ac7ce69d0979587a2f63c9b36
223,crystalline spin-1/2,internal spinless,s=w1; omega=0,[],[],[],"[2,2,2,2,2,2]","[2,2,2,2,2,2]",9c16c0714da16a1ed5dc23b7830701afc01e6d7a37ee6d243f536ee4dc9ecd96,results/space_groups/sg223.json,568734bfd0c14bb40a2f15c757fc6f9c787a36fa2f15f59cfee8462eb09490ef
224,crystalline spin-1/2,internal spinless,s=w1; omega=0,[],[],[],"[2,2,2,2]","[2,2,2,2]",9c16c0714da16a1ed5dc23b7830701afc01e6d7a37ee6d243f536ee4dc9ecd96,results/space_groups/sg224.json,4f2bedeadb84405aa3a92e6b92d7b7618c0a1d5d7203da0a8c0c5675a3ac8198
225,crystalline spin-1/2,internal spinless,s=w1; omega=0,[],[],[],"[2,2,2,2,2,2,2]","[2,2,2,2,2,2,2]",9c16c0714da16a1ed5dc23b7830701afc01e6d7a37ee6d243f536ee4dc9ecd96,results/space_groups/sg225.json,e569196bd1affd9d52c75055e5e6cdb963c154f2eaddc5bea25dd6f389b24925
226,crystalline spin-1/2,internal spinless,s=w1; omega=0,[],[],[2],"[2,2,2]","[2,2,2,2]",9c16c0714da16a1ed5dc23b7830701afc01e6d7a37ee6d243f536ee4dc9ecd96,results/space_groups/sg226.json,5fab877dfb4d796569f8137c1cdab09c496d8b1c8ae36c9ad643a7815ab7bb7e
227,crystalline spin-1/2,internal spinless,s=w1; omega=0,[],[],[2],"[2,2]","[2,4]",9c16c0714da16a1ed5dc23b7830701afc01e6d7a37ee6d243f536ee4dc9ecd96,results/space_groups/sg227.json,27df6e8383b55349aa7f6f8af5a2bbc0470ef3558a5b764a61585c988b6967ac
228,crystalline spin-1/2,internal spinless,s=w1; omega=0,[],[2],[2],[],"[2,2]",9c16c0714da16a1ed5dc23b7830701afc01e6d7a37ee6d243f536ee4dc9ecd96,results/space_groups/sg228.json,9320ab3aa9f56ffd25d459f3be0ea886c2fe36ba4454f9977b674c93d957cbf6
229,crystalline spin-1/2,internal spinless,s=w1; omega=0,[],[],[],"[2,2,2,2,2,2]","[2,2,2,2,2,2]",9c16c0714da16a1ed5dc23b7830701afc01e6d7a37ee6d243f536ee4dc9ecd96,results/space_groups/sg229.json,8e8ede1ca5fe6d14b6367dbefeae450049ce42f7825b29775d4b91f639130f2f
230,crystalline spin-1/2,internal spinless,s=w1; omega=0,[],[],[2],"[2,2]","[2,2,2]",9c16c0714da16a1ed5dc23b7830701afc01e6d7a37ee6d243f536ee4dc9ecd96,results/space_groups/sg230.json,98bee430a3ee4cd3748bf3e7e1cd4f9642ac686f6e3d7284853c648f5f672627
