point_group_index,hermann_mauguin,schoenflies,crystalline_spin,internal_background,pip,majorana,complex_fermion,bosonic,full_stacking,abstract_upper_only,upper_completion,result_file,result_sha256,source_id
1,1,C1,spin-half,omega=0; s=w1,0,0,0,0,0,False,,half_pg1.json,8b0a9a79261fce47eb0d7a2cfa44de22e187c359e33fcedce5ee86781880c695,8fceb2f5f3bcaa9205c00962cd2c7c78b493a45f583fb090f246e7ce1637f297
1,1,C1,spinless,omega=w2+w1^2; s=w1,0,0,0,0,0,False,,spinless_pg1.json,4178bbb35e9408c4bb136a40373da83282a68be3d5f177a93a401b8ce2f9de8e,8fceb2f5f3bcaa9205c00962cd2c7c78b493a45f583fb090f246e7ce1637f297
2,-1,Ci,spin-half,omega=0; s=w1,0,0,0,0,0,False,,half_pg2.json,6a165b2d08ef769eb32f5ad4ed92a6184123b6d30a05378bbd19d8e89c74d958,8fceb2f5f3bcaa9205c00962cd2c7c78b493a45f583fb090f246e7ce1637f297
2,-1,Ci,spinless,omega=w2+w1^2; s=w1,0,0,0,0,0,False,,spinless_pg2.json,81596e04a37275cda53666dd862c3f22a1b84a30bd9ac3ce4eefc7b2a492391b,8fceb2f5f3bcaa9205c00962cd2c7c78b493a45f583fb090f246e7ce1637f297
3,2,C2,spin-half,omega=0; s=w1,0,0,0,0,0,False,,half_pg3.json,98c11612200b367d5a67d89bcc48f6d33fb283bc3d00ab827d719295c16f0c40,8fceb2f5f3bcaa9205c00962cd2c7c78b493a45f583fb090f246e7ce1637f297
3,2,C2,spinless,omega=w2+w1^2; s=w1,0,0,0,0,0,False,no-torsion-pip-extension-required,spinless_pg3.json,aabfa0851b8200c64fb0ad2110e5074ddc86085ea6e72e4bb89170240adfd7d4,8fceb2f5f3bcaa9205c00962cd2c7c78b493a45f583fb090f246e7ce1637f297
4,m,Cs,spin-half,omega=0; s=w1,0,0,0,0,0,False,,half_pg4.json,f595228c846acf6656560651e7f7ac779accd9b4a547c8f14601c74dec5a040b,8fceb2f5f3bcaa9205c00962cd2c7c78b493a45f583fb090f246e7ce1637f297
4,m,Cs,spinless,omega=w2+w1^2; s=w1,Z2,Z2,Z2,Z2,Z16,True,abstract-group-independent-of-all-CF-and-bosonic-carries,spinless_pg4.json,dfa604c64f3f3e907aa57134b1aa5de0c55436eeeb3f81adf920a82e0fbfabf9,8fceb2f5f3bcaa9205c00962cd2c7c78b493a45f583fb090f246e7ce1637f297
5,2/m,C2h,spin-half,omega=0; s=w1,0,0,0,0,0,False,,half_pg5.json,f7a8df110abe5ae8f16df58ee0278ae9a2cdc7a285a20cd321f21a76477d2da4,8fceb2f5f3bcaa9205c00962cd2c7c78b493a45f583fb090f246e7ce1637f297
5,2/m,C2h,spinless,omega=w2+w1^2; s=w1,0,Z2,Z2,Z2,Z8,False,no-torsion-pip-extension-required,spinless_pg5.json,459555f71d819d5fdb251b1be9bed206c6beadeab930f88dcdad5ae6c23133ca,8fceb2f5f3bcaa9205c00962cd2c7c78b493a45f583fb090f246e7ce1637f297
6,222,D2,spin-half,omega=0; s=w1,0,0,0,Z2^2,Z2^2,False,,half_pg6.json,fac386edef74fc48217ad3f24c1e2bbcb20de0cc031804ae76831f05c29a9865,8fceb2f5f3bcaa9205c00962cd2c7c78b493a45f583fb090f246e7ce1637f297
6,222,D2,spinless,omega=w2+w1^2; s=w1,0,0,0,0,0,False,no-torsion-pip-extension-required,spinless_pg6.json,3590d9adf298201408f64af09655082b0ef2fa1c2a6066550bdce00588722071,8fceb2f5f3bcaa9205c00962cd2c7c78b493a45f583fb090f246e7ce1637f297
7,mm2,C2v,spin-half,omega=0; s=w1,0,0,0,0,0,False,,half_pg7.json,159e8315a2f70e680521a34207c4acf1e7fcbd6a03beffc55cf6c356d0c79b35,8fceb2f5f3bcaa9205c00962cd2c7c78b493a45f583fb090f246e7ce1637f297
7,mm2,C2v,spinless,omega=w2+w1^2; s=w1,0,Z2,0,Z2^2,Z2^3,False,no-torsion-pip-extension-required,spinless_pg7.json,de12417a72942596c2ed217ebf6ac759d68ab44161c08f287a202a16a06a6798,8fceb2f5f3bcaa9205c00962cd2c7c78b493a45f583fb090f246e7ce1637f297
8,mmm,D2h,spin-half,omega=0; s=w1,0,0,0,Z2^3,Z2^3,False,,half_pg8.json,61f0bb17f3acb18e9cb5df140dea12a30de603f20ae17e2d6ad324f5a61fa1f7,8fceb2f5f3bcaa9205c00962cd2c7c78b493a45f583fb090f246e7ce1637f297
8,mmm,D2h,spinless,omega=w2+w1^2; s=w1,0,0,Z2,Z2^4,Z2^5,False,no-torsion-pip-extension-required,spinless_pg8.json,975c1137e22922df828272f6fe74ea8d9ce7afd7886c9e91f03492a7be9a9bc9,8fceb2f5f3bcaa9205c00962cd2c7c78b493a45f583fb090f246e7ce1637f297
9,4,C4,spin-half,omega=0; s=w1,0,0,0,0,0,False,,half_pg9.json,759e3f16d21738a851bbc1ea3678e97ca32e50735c7b8596d20d613ebd55586c,8fceb2f5f3bcaa9205c00962cd2c7c78b493a45f583fb090f246e7ce1637f297
9,4,C4,spinless,omega=w2+w1^2; s=w1,0,0,0,0,0,False,no-torsion-pip-extension-required,spinless_pg9.json,24dfc62bc91b57965b426da4e91d4848838fedc3a5033fd8e1fb1324578e293e,8fceb2f5f3bcaa9205c00962cd2c7c78b493a45f583fb090f246e7ce1637f297
10,-4,S4,spin-half,omega=0; s=w1,Z2,0,Z2,0,Z4,False,actual-marked-torsion-square-with-cochain-gauges,half_pg10.json,4456f42daaa8d439c986a0e38d8390f87a79b9e8282654070bd7f688180e506e,8fceb2f5f3bcaa9205c00962cd2c7c78b493a45f583fb090f246e7ce1637f297
10,-4,S4,spinless,omega=w2+w1^2; s=w1,0,Z2,0,Z2,Z4,False,no-torsion-pip-extension-required,spinless_pg10.json,d4f34f961bb06d643f3f7dcbf5495a7df3369c11ea575cc976a30e4a27d1a3bc,8fceb2f5f3bcaa9205c00962cd2c7c78b493a45f583fb090f246e7ce1637f297
11,4/m,C4h,spin-half,omega=0; s=w1,0,0,Z2,0,Z2,False,,half_pg11.json,3f4a0654e78826e38515ff49af44aec2b388d408186c37d7949ee2bfa37c488a,8fceb2f5f3bcaa9205c00962cd2c7c78b493a45f583fb090f246e7ce1637f297
11,4/m,C4h,spinless,omega=w2+w1^2; s=w1,0,Z2,Z2,Z2^2,Z2 × Z8,False,no-torsion-pip-extension-required,spinless_pg11.json,3b4abe9aababb54c984d0b6ed971b2978ec35cf2ecf1d8555a54a042f1c78b40,8fceb2f5f3bcaa9205c00962cd2c7c78b493a45f583fb090f246e7ce1637f297
12,422,D4,spin-half,omega=0; s=w1,0,0,0,Z2^2,Z2^2,False,,half_pg12.json,023561b6796edcc3add71cf19926e5241813639d4b023b731857ea7e79813a6d,8fceb2f5f3bcaa9205c00962cd2c7c78b493a45f583fb090f246e7ce1637f297
12,422,D4,spinless,omega=w2+w1^2; s=w1,0,0,Z2,0,Z2,False,no-torsion-pip-extension-required,spinless_pg12.json,c4d3151932cac2f8e2832bd66b0bd163a2ffe422cb94b890d8bd6aec04b7a60e,8fceb2f5f3bcaa9205c00962cd2c7c78b493a45f583fb090f246e7ce1637f297
13,4mm,C4v,spin-half,omega=0; s=w1,0,0,0,0,0,False,,half_pg13.json,fcfd7752436a607499409d009a0aef96b5beacbacc3393055948fa236018f630,8fceb2f5f3bcaa9205c00962cd2c7c78b493a45f583fb090f246e7ce1637f297
13,4mm,C4v,spinless,omega=w2+w1^2; s=w1,0,Z2,0,Z2^3,Z2^4,False,no-torsion-pip-extension-required,spinless_pg13.json,d64f9140dde055cea536214a3a6bef250d63296e7fe882e0ecdc91a23bc3f922,8fceb2f5f3bcaa9205c00962cd2c7c78b493a45f583fb090f246e7ce1637f297
14,-42m,D2d,spin-half,omega=0; s=w1,0,0,0,Z2,Z2,False,,half_pg14.json,d86c4dde0a30e2f60b5848f39582ba5aa25921629ed0e3d2b07c57e4d0975e01,8fceb2f5f3bcaa9205c00962cd2c7c78b493a45f583fb090f246e7ce1637f297
14,-42m,D2d,spinless,omega=w2+w1^2; s=w1,0,0,Z2,Z2^2,Z2^3,False,no-torsion-pip-extension-required,spinless_pg14.json,49f3bcc83d4b1f85150ce962d47674f673430c92856c82ba0f0eb70498267a03,8fceb2f5f3bcaa9205c00962cd2c7c78b493a45f583fb090f246e7ce1637f297
15,4/mmm,D4h,spin-half,omega=0; s=w1,0,0,0,Z2^3,Z2^3,False,,half_pg15.json,bb3f134774b46d5b943b4d190509c9a23d24b4daebdcebed071f4f53735289de,8fceb2f5f3bcaa9205c00962cd2c7c78b493a45f583fb090f246e7ce1637f297
15,4/mmm,D4h,spinless,omega=w2+w1^2; s=w1,0,0,Z2^2,Z2^4,Z2^6,False,no-torsion-pip-extension-required,spinless_pg15.json,dbe3043cc2b4d99cb59155ccdb51880e71851fc0d84f8f010421d63eb3aa3496,8fceb2f5f3bcaa9205c00962cd2c7c78b493a45f583fb090f246e7ce1637f297
16,3,C3,spin-half,omega=0; s=w1,0,0,0,0,0,False,,half_pg16.json,bcb3566ce5b54eee27a9943ade83bd4841995184b5bc5af7b7c3d41ad6978f50,8fceb2f5f3bcaa9205c00962cd2c7c78b493a45f583fb090f246e7ce1637f297
16,3,C3,spinless,omega=w2+w1^2; s=w1,0,0,0,0,0,False,,spinless_pg16.json,5ce4bc0a2484eff84747084ef729e71e08dfab69a9ee3dbe08183a62fe8dfe6b,8fceb2f5f3bcaa9205c00962cd2c7c78b493a45f583fb090f246e7ce1637f297
17,-3,C3i,spin-half,omega=0; s=w1,0,0,0,0,0,False,,half_pg17.json,a8ee2b9c90e6391d53ef66cf7d46bc9e6b3b1091f26c44f306d95678944b6163,8fceb2f5f3bcaa9205c00962cd2c7c78b493a45f583fb090f246e7ce1637f297
17,-3,C3i,spinless,omega=w2+w1^2; s=w1,0,0,0,0,0,False,,spinless_pg17.json,451e060818feea037cc6b2fac651b74ff880b560ad27cbb395ef18b63baa41c1,8fceb2f5f3bcaa9205c00962cd2c7c78b493a45f583fb090f246e7ce1637f297
18,32,D3,spin-half,omega=0; s=w1,0,0,0,0,0,False,,half_pg18.json,f0d02c70e4daae11c731a03954cd4ab339cd494e49792270aa0fa2cdfd4221fd,8fceb2f5f3bcaa9205c00962cd2c7c78b493a45f583fb090f246e7ce1637f297
18,32,D3,spinless,omega=w2+w1^2; s=w1,0,0,0,0,0,False,no-torsion-pip-extension-required,spinless_pg18.json,dadf0447aab0142b6291d80a5b54541adbffc72ccee2f37ffe79c7629a829780,8fceb2f5f3bcaa9205c00962cd2c7c78b493a45f583fb090f246e7ce1637f297
19,3m,C3v,spin-half,omega=0; s=w1,0,0,0,0,0,False,,half_pg19.json,54529bf8efd2413f7e16cee095d988be11ab131032aec265af80d58fa4921f98,8fceb2f5f3bcaa9205c00962cd2c7c78b493a45f583fb090f246e7ce1637f297
19,3m,C3v,spinless,omega=w2+w1^2; s=w1,Z2,Z2,Z2,Z2,Z16,True,abstract-group-independent-of-all-CF-and-bosonic-carries,spinless_pg19.json,0bf573f8214be608cf482aa408954a20ebd13f84ba19a3265736c1c8049f1f21,8fceb2f5f3bcaa9205c00962cd2c7c78b493a45f583fb090f246e7ce1637f297
20,-3m,D3d,spin-half,omega=0; s=w1,0,0,0,0,0,False,,half_pg20.json,5e57672b286d900bbbb394de0bbb455ac3d408f1c3ce03634e8892ff607e2cb5,8fceb2f5f3bcaa9205c00962cd2c7c78b493a45f583fb090f246e7ce1637f297
20,-3m,D3d,spinless,omega=w2+w1^2; s=w1,0,Z2,Z2,Z2,Z8,False,no-torsion-pip-extension-required,spinless_pg20.json,f9fbef2652854d96a626c1a12ea3a47babcf1c7282deafe810b58d002b9da6e4,8fceb2f5f3bcaa9205c00962cd2c7c78b493a45f583fb090f246e7ce1637f297
21,6,C6,spin-half,omega=0; s=w1,0,0,0,0,0,False,,half_pg21.json,7bfdb3cb6d2808542564dd72f40af928a46a0b6de35ba1f97b0fd2573d0a8147,8fceb2f5f3bcaa9205c00962cd2c7c78b493a45f583fb090f246e7ce1637f297
21,6,C6,spinless,omega=w2+w1^2; s=w1,0,0,0,0,0,False,no-torsion-pip-extension-required,spinless_pg21.json,007a81986fba434509c65f0f5858c32560cf5806890079ee5097d10a2ead9cd2,8fceb2f5f3bcaa9205c00962cd2c7c78b493a45f583fb090f246e7ce1637f297
22,-6,C3h,spin-half,omega=0; s=w1,0,0,0,0,0,False,,half_pg22.json,dfa676fb444e2fa341ffb4066f936d2e4556b7ca956d0e53736586ab826c8a14,8fceb2f5f3bcaa9205c00962cd2c7c78b493a45f583fb090f246e7ce1637f297
22,-6,C3h,spinless,omega=w2+w1^2; s=w1,Z2,Z2,Z2,Z2,Z16,True,abstract-group-independent-of-all-CF-and-bosonic-carries,spinless_pg22.json,12f417f75340a9986eec7166d8b88e89e2d3e61ceb903550bb23b6e06c64bbf9,8fceb2f5f3bcaa9205c00962cd2c7c78b493a45f583fb090f246e7ce1637f297
23,6/m,C6h,spin-half,omega=0; s=w1,0,0,0,0,0,False,,half_pg23.json,8551cfa8b2c1ea42d2fb20aceeef6b0da5ce7cf5e6b804922e969a677852adeb,8fceb2f5f3bcaa9205c00962cd2c7c78b493a45f583fb090f246e7ce1637f297
23,6/m,C6h,spinless,omega=w2+w1^2; s=w1,0,Z2,Z2,Z2,Z8,False,no-torsion-pip-extension-required,spinless_pg23.json,b2ba43d543eb6f5f6332368eb85f0ac85fdbff21df14827c479acbd2de29a51e,8fceb2f5f3bcaa9205c00962cd2c7c78b493a45f583fb090f246e7ce1637f297
24,622,D6,spin-half,omega=0; s=w1,0,0,0,Z2^2,Z2^2,False,,half_pg24.json,ef8abb9e9e3dd9be9522f2c67c6e87566789795fb6c4d38172faaf02547d3919,8fceb2f5f3bcaa9205c00962cd2c7c78b493a45f583fb090f246e7ce1637f297
24,622,D6,spinless,omega=w2+w1^2; s=w1,0,0,0,0,0,False,no-torsion-pip-extension-required,spinless_pg24.json,fa7e37bb3bcfdc62bbccb95d7be68bde83fc10c471648caed89c58fd984d57d1,8fceb2f5f3bcaa9205c00962cd2c7c78b493a45f583fb090f246e7ce1637f297
25,6mm,C6v,spin-half,omega=0; s=w1,0,0,0,0,0,False,,half_pg25.json,45cee3867b90871d75101d940cc5e7c15ef18b6c3867af54146d91c680f35441,8fceb2f5f3bcaa9205c00962cd2c7c78b493a45f583fb090f246e7ce1637f297
25,6mm,C6v,spinless,omega=w2+w1^2; s=w1,0,Z2,0,Z2^2,Z2^3,False,no-torsion-pip-extension-required,spinless_pg25.json,06305dbffdb75c0240e8dc3c2d77165c75b8c576236979e6c0a6b02f4ba5aeb1,8fceb2f5f3bcaa9205c00962cd2c7c78b493a45f583fb090f246e7ce1637f297
26,-6m2,D3h,spin-half,omega=0; s=w1,0,0,0,0,0,False,,half_pg26.json,77bd63f360e0042675956d5abd204a1b32421729f11fa911dafe8a31124a3293,8fceb2f5f3bcaa9205c00962cd2c7c78b493a45f583fb090f246e7ce1637f297
26,-6m2,D3h,spinless,omega=w2+w1^2; s=w1,0,Z2,0,Z2^2,Z2^3,False,no-torsion-pip-extension-required,spinless_pg26.json,9de698ba564ac030a5272ace49e41caaeb11e5cc6360a10a0610bae1846c4cfa,8fceb2f5f3bcaa9205c00962cd2c7c78b493a45f583fb090f246e7ce1637f297
27,6/mmm,D6h,spin-half,omega=0; s=w1,0,0,0,Z2^3,Z2^3,False,,half_pg27.json,75a8b65955733dae19373cbc21327c3e092beae4b39e25db33ded8406e2786b3,8fceb2f5f3bcaa9205c00962cd2c7c78b493a45f583fb090f246e7ce1637f297
27,6/mmm,D6h,spinless,omega=w2+w1^2; s=w1,0,0,Z2,Z2^4,Z2^5,False,no-torsion-pip-extension-required,spinless_pg27.json,ada6942c47303e4a6d327e3f4d483179595233a55f7a8fc1f3642ed71d15b9ae,8fceb2f5f3bcaa9205c00962cd2c7c78b493a45f583fb090f246e7ce1637f297
28,23,T,spin-half,omega=0; s=w1,0,0,0,0,0,False,,half_pg28.json,3a5904031501777a85a0bc5675b96e11cb2cbee944e1a66eb6639c0e6cef9891,8fceb2f5f3bcaa9205c00962cd2c7c78b493a45f583fb090f246e7ce1637f297
28,23,T,spinless,omega=w2+w1^2; s=w1,0,0,0,0,0,False,no-torsion-pip-extension-required,spinless_pg28.json,22289683a7dadb412ff2d7c636d93229fc433106ba7e9d6f84ead194c8d69053,8fceb2f5f3bcaa9205c00962cd2c7c78b493a45f583fb090f246e7ce1637f297
29,m-3,Th,spin-half,omega=0; s=w1,0,0,0,Z2,Z2,False,,half_pg29.json,d329dba87ceaf41acf54d5202cad4c95ffaee3afeb3a699da390571ec54e632b,8fceb2f5f3bcaa9205c00962cd2c7c78b493a45f583fb090f246e7ce1637f297
29,m-3,Th,spinless,omega=w2+w1^2; s=w1,0,0,Z2,Z2^2,Z2^3,False,no-torsion-pip-extension-required,spinless_pg29.json,67f25233b8926e9788294105b3be67e011b605ca35092dbff5bddbc9dd0979a8,8fceb2f5f3bcaa9205c00962cd2c7c78b493a45f583fb090f246e7ce1637f297
30,432,O,spin-half,omega=0; s=w1,0,0,0,Z2,Z2,False,,half_pg30.json,8982add2d32bb893f6072cb8dc55fc235bb8cec2063e267b2a25f55b3048ec94,8fceb2f5f3bcaa9205c00962cd2c7c78b493a45f583fb090f246e7ce1637f297
30,432,O,spinless,omega=w2+w1^2; s=w1,0,0,Z2,0,Z2,False,no-torsion-pip-extension-required,spinless_pg30.json,1def09e89f0d43128a552fdc9d90384e7f17a7b11968244dde162aca31bb36df,8fceb2f5f3bcaa9205c00962cd2c7c78b493a45f583fb090f246e7ce1637f297
31,-43m,Td,spin-half,omega=0; s=w1,0,0,0,0,0,False,,half_pg31.json,5fe84a960bcfacc9617de82888676d8ce17a8a044a10659f3d38c8cbc8be1038,8fceb2f5f3bcaa9205c00962cd2c7c78b493a45f583fb090f246e7ce1637f297
31,-43m,Td,spinless,omega=w2+w1^2; s=w1,0,0,Z2,Z2^2,Z2^3,False,no-torsion-pip-extension-required,spinless_pg31.json,76bfe45d5dc1765d9d7fbec68a55b67a6cf834372327ecc37561abdf58a5ff95,8fceb2f5f3bcaa9205c00962cd2c7c78b493a45f583fb090f246e7ce1637f297
32,m-3m,Oh,spin-half,omega=0; s=w1,0,0,0,Z2^2,Z2^2,False,,half_pg32.json,3c5fc958b4f7100091a88d5659f728ef76d411b5165c735f81992269e3b99c9c,8fceb2f5f3bcaa9205c00962cd2c7c78b493a45f583fb090f246e7ce1637f297
32,m-3m,Oh,spinless,omega=w2+w1^2; s=w1,0,0,Z2^2,Z2^3,Z2^5,False,no-torsion-pip-extension-required,spinless_pg32.json,904c72f7bf278a821328f8b45579eb34135668cf70ce535ecdfb7965e342bfa1,8fceb2f5f3bcaa9205c00962cd2c7c78b493a45f583fb090f246e7ce1637f297
