background_id,representative_record,aliases,Gb,bosonic_order,fermionic_order,s1,omega2,fermion_extension,extension_parameters,pip,majorana,complex_fermion,bosonic,stacking_group,intro_table_rows
C4rtC4_inv_orbit_000,d4_C4rtC4_inv_orbit_000,d4_C4rtC4_inv_orbit_000,C4rtC4_inv,16,32,0,0,split,"[0,0,0]",[2],[],"[2,2]","[2,2]","[2,2,2,4]",
C4rtC4_inv_orbit_001,d4_C4rtC4_inv_orbit_001,d4_C4rtC4_inv_orbit_001,C4rtC4_inv,16,32,0,\omega_{100},nonsplit,"[1,0,0]",[],"[2,2]",[],"[2,2,4]","[2,2,2,2,4]",
C4rtC4_inv_orbit_002,d4_C4rtC4_inv_orbit_002,d4_C4rtC4_inv_orbit_002,C4rtC4_inv,16,32,0,\omega_{101},nonsplit,"[1,0,1]",[],"[2,2]",[],"[2,2,4]","[2,2,4,4]",
C4rtC4_inv_orbit_003,d4_C4rtC4_inv_orbit_003,d4_C4rtC4_inv_orbit_003,C4rtC4_inv,16,32,0,\omega_{001},nonsplit,"[0,0,1]","[2,2]",[],"[2,2]","[2,2]","[2,2,4,4]",
C4rtC4_inv_orbit_004,d4_C4rtC4_inv_orbit_004,d4_C4rtC4_inv_orbit_004,C4rtC4_inv,16,32,0,\omega_{010},nonsplit,"[0,1,0]",[4],"[2,2]","[2,2]","[2,2,4]","[2,4,4,32]",
C4rtC4_inv_orbit_005,d4_C4rtC4_inv_orbit_005,d4_C4rtC4_inv_orbit_005,C4rtC4_inv,16,32,0,\omega_{110},nonsplit,"[1,1,0]",[2],[2],[],"[2,2,2,4]","[2,2,2,16]",
C4rtC4_inv_orbit_006,d4_C4rtC4_inv_orbit_006,d4_C4rtC4_inv_orbit_006,C4rtC4_inv,16,32,x+y,0,split,"[0,0,0]",[2],[],[2],[2],"[2,4]",
C4rtC4_inv_orbit_007,d4_C4rtC4_inv_orbit_007,d4_C4rtC4_inv_orbit_007,C4rtC4_inv,16,32,x+y,\omega_{100},nonsplit,"[1,0,0]",[],[2],[2],[],"[2,2]",
C4rtC4_inv_orbit_008,d4_C4rtC4_inv_orbit_008,d4_C4rtC4_inv_orbit_008,C4rtC4_inv,16,32,x+y,\omega_{101},nonsplit,"[1,0,1]",[],[2],[2],[2],"[2,4]",
C4rtC4_inv_orbit_009,d4_C4rtC4_inv_orbit_009,d4_C4rtC4_inv_orbit_009,C4rtC4_inv,16,32,x+y,\omega_{001},nonsplit,"[0,0,1]",[],[],"[2,2]",[2],"[2,2,2]",
C4rtC4_inv_orbit_010,d4_C4rtC4_inv_orbit_010,d4_C4rtC4_inv_orbit_010,C4rtC4_inv,16,32,x+y,\omega_{010},nonsplit,"[0,1,0]",[],[2],[2],[2],"[2,4]",
C4rtC4_inv_orbit_011,d4_C4rtC4_inv_orbit_011,d4_C4rtC4_inv_orbit_011,C4rtC4_inv,16,32,x+y,\omega_{110},nonsplit,"[1,1,0]",[],[],[],"[2,2]","[2,2]",
C4rtC4_inv_orbit_012,d4_C4rtC4_inv_orbit_012,d4_C4rtC4_inv_orbit_012,C4rtC4_inv,16,32,y,0,split,"[0,0,0]",[2],[],[],"[2,2,2]","[2,2,4]",
C4rtC4_inv_orbit_013,d4_C4rtC4_inv_orbit_013,d4_C4rtC4_inv_orbit_013,C4rtC4_inv,16,32,y,\omega_{100},nonsplit,"[1,0,0]",[4],[2],"[2,2]","[2,4]","[2,4,32]",
C4rtC4_inv_orbit_014,d4_C4rtC4_inv_orbit_014,d4_C4rtC4_inv_orbit_014,C4rtC4_inv,16,32,y,\omega_{101},nonsplit,"[1,0,1]",[2],[2],[2],"[2,4]","[4,16]",
C4rtC4_inv_orbit_015,d4_C4rtC4_inv_orbit_015,d4_C4rtC4_inv_orbit_015,C4rtC4_inv,16,32,y,\omega_{001},nonsplit,"[0,0,1]",[],[],[],"[2,2]","[2,2]",
C4rtC4_inv_orbit_016,d4_C4rtC4_inv_orbit_016,d4_C4rtC4_inv_orbit_016,C4rtC4_inv,16,32,y,\omega_{010},nonsplit,"[0,1,0]",[],[2],[],"[2,4]","[2,2,4]",
C4rtC4_inv_orbit_017,d4_C4rtC4_inv_orbit_017,d4_C4rtC4_inv_orbit_017,C4rtC4_inv,16,32,y,\omega_{110},nonsplit,"[1,1,0]",[2],[2],[2],[4],"[2,16]",
M16_orbit_000,d4_M16_orbit_000,d4_M16_orbit_000,M16,16,32,0,0,split,"[0,0,0]",[2],[],[2],"[2,2]","[2,2,4]",
M16_orbit_001,d4_M16_orbit_001,d4_M16_orbit_001,M16,16,32,0,\omega_{010},nonsplit,"[0,1,0]","[2,2]",[2],"[2,2,2]","[2,2]","[4,4,16]",
M16_orbit_002,d4_M16_orbit_002,d4_M16_orbit_002,M16,16,32,0,\omega_{001},nonsplit,"[0,0,1]",[4],[],[2],"[2,2]","[4,8]",
M16_orbit_003,d4_M16_orbit_003,d4_M16_orbit_003,M16,16,32,0,\omega_{011},nonsplit,"[0,1,1]",[4],[2],"[2,2,2]","[2,2]","[4,4,16]",
M16_orbit_004,d4_M16_orbit_004,d4_M16_orbit_004,M16,16,32,x+y,0,split,"[0,0,0]",[],[],[2],[],[2],
M16_orbit_005,d4_M16_orbit_005,d4_M16_orbit_005,M16,16,32,x+y,\omega_{010},nonsplit,"[0,1,0]",[],[],"[2,2]",[2],"[2,4]",
M16_orbit_006,d4_M16_orbit_006,d4_M16_orbit_006,M16,16,32,x+y,\omega_{001},nonsplit,"[0,0,1]",[],[],[2],[2],[4],
M16_orbit_007,d4_M16_orbit_007,d4_M16_orbit_007,M16,16,32,x+y,\omega_{011},nonsplit,"[0,1,1]",[2],[],[2],[2],"[2,4]",
M16_orbit_008,d4_M16_orbit_008,d4_M16_orbit_008,M16,16,32,x,0,split,"[0,0,0]",[],[],[2],[2],[4],
M16_orbit_009,d4_M16_orbit_009,d4_M16_orbit_009,M16,16,32,x,\omega_{010},nonsplit,"[0,1,0]",[],[2],[2],[2],[8],
M16_orbit_010,d4_M16_orbit_010,d4_M16_orbit_010,M16,16,32,x,\omega_{001},nonsplit,"[0,0,1]",[],[],[],[],[],
M16_orbit_011,d4_M16_orbit_011,d4_M16_orbit_011,M16,16,32,x,\omega_{011},nonsplit,"[0,1,1]",[2],[2],[2],[2],[16],
SD16_orbit_001,d4_SD16_orbit_001,d4_SD16_orbit_001,SD16,16,32,0,\omega_{001},nonsplit,"[0,0,1]",[2],[],[2],[2],[8],
SD16_orbit_002,d4_SD16_orbit_002,d4_SD16_orbit_002,SD16,16,32,0,\omega_{010},nonsplit,"[0,1,0]","[2,2]",[2],"[2,2,2]","[2,2]","[2,8,16]",
SD16_orbit_003,d4_SD16_orbit_003,d4_SD16_orbit_003,SD16,16,32,0,\omega_{011},nonsplit,"[0,1,1]",[2],[2],"[2,2,2]",[2],"[2,2,16]",
SD16_orbit_004,d4_SD16_orbit_004,d4_SD16_orbit_004,SD16,16,32,x+y,0,split,"[0,0,0]",[],[],[2],[],[2],
SD16_orbit_005,d4_SD16_orbit_005,d4_SD16_orbit_005,SD16,16,32,x+y,\omega_{001},nonsplit,"[0,0,1]",[2],[],[2],[2],[8],
SD16_orbit_006,d4_SD16_orbit_006,d4_SD16_orbit_006,SD16,16,32,x+y,\omega_{010},nonsplit,"[0,1,0]",[2],[],[2],[2],"[2,4]",
SD16_orbit_007,d4_SD16_orbit_007,d4_SD16_orbit_007,SD16,16,32,x+y,\omega_{011},nonsplit,"[0,1,1]",[],[],[2],[2],"[2,2]",
SD16_orbit_008,d4_SD16_orbit_008,d4_SD16_orbit_008,SD16,16,32,x,0,split,"[0,0,0]",[],[],[],[],[],
SD16_orbit_009,d4_SD16_orbit_009,d4_SD16_orbit_009,SD16,16,32,x,\omega_{001},nonsplit,"[0,0,1]",[],[],[],[],[],
SD16_orbit_010,d4_SD16_orbit_010,d4_SD16_orbit_010,SD16,16,32,x,\omega_{010},nonsplit,"[0,1,0]",[2],[2],"[2,2]",[2],"[2,16]",
SD16_orbit_011,d4_SD16_orbit_011,d4_SD16_orbit_011,SD16,16,32,x,\omega_{011},nonsplit,"[0,1,1]",[],[2],"[2,2]",[2],"[2,8]",
SD16_orbit_012,d4_SD16_orbit_012,d4_SD16_orbit_012,SD16,16,32,y,0,split,"[0,0,0]",[2],[],[2],[2],"[2,4]",
SD16_orbit_013,d4_SD16_orbit_013,d4_SD16_orbit_013,SD16,16,32,y,\omega_{001},nonsplit,"[0,0,1]",[2],[],[2],[4],"[2,8]",
SD16_orbit_014,d4_SD16_orbit_014,d4_SD16_orbit_014,SD16,16,32,y,\omega_{010},nonsplit,"[0,1,0]",[2],[],[2],"[2,2]","[2,2,4]",
SD16_orbit_015,d4_SD16_orbit_015,d4_SD16_orbit_015,SD16,16,32,y,\omega_{011},nonsplit,"[0,1,1]",[4],[],[],"[2,2]","[2,8]",
SD16_split_s0_w0,d4_SD16_split_s0_w0,d4_SD16_split_s0_w0,SD16,16,32,0,0,split,"[0,0,0]",[],[],[2],[],[2],
SD32_s00_w0,d4_SD32_s00_w0,d4_SD32_s00_w0,SD32_action7,32,64,0,0,split,"[0,0,0]",[],[],[2],[],[2],
SD32_s00_wx2,d4_SD32_s00_wx2,d4_SD32_s00_wx2,SD32_action7,32,64,0,\omega_{001},nonsplit,"[0,0,1]",[2],[],[2],[2],[8],
