case,dimension,Gb,s_on_generators,crystalline_spin,omega2_representative,pip,majorana,complex_fermion,bosonic,stacking_group,exact_input_sha256,result_sha256
d2_C2_w1_s0,2,C2,[0],,nonzero; exact input: results/computed_examples/inputs/d2_C2_w1_s0.json,[],[],[],[],[],a03fe5c7329053ab5b2515e223dceaf1296835570aaf5b1812f4235c825626bf,92bcf10bb64aefbf049a1f4c6fe24a318fe1a8edf98bc7966243674fb4118870
d2_E01,2,C2^1,[1],,nonzero; exact input: results/computed_examples/inputs/d2_E01.json,[],[2],[],[],[2],a87b9111111d98b65159012298091e5cdcb206ca2644b63b30b0d7afc36db56e,6a25c26e6709ad1cabb992787447f636063e7c6dbebcf57f6917f9a8a4382191
d2_E10,2,C2^1,[1],,0,[],[],[],[],[],b741d0a3a49343e7baf9721129aaa99a43ddb8ba3ed5aec266d670be5b05e9c3,c29ad3b1525e439175c8f989e3ec9dc31e2bf6202fc74383c9906261b1d97e6d
d2_C3_exact_extension_section,2,C3,[0],,nonzero; exact input: results/computed_examples/inputs/d2_C3_exact_extension_section.json,[0],[],[],[3],"[0,3]",e62ad4c51f9afa12513148c29999bcd7f529012083c1afd67c337a19132c3f59,3ba0447c8e8e6615ea97bdfbb565ac3f86c5dba72373bff17597dd33b8ebc04a
d2_E02,2,C2^2,"[1,1]",,nonzero; exact input: results/computed_examples/inputs/d2_E02.json,[],[],[2],[],[2],2c7246d5c99b1ea2c0b1e4bb9bf3ba2e55ff5bec1f15d333c0542d68843c2ded,55c9a096e17a82c33444ef63fc274883b08214c2f5fe4c679f8caa8868f67ea5
d2_E11,2,C2^2,"[1,1]",,nonzero; exact input: results/computed_examples/inputs/d2_E11.json,[],[2],[2],[2],[8],9ace1e32fe13fb5a7201522601b2ff20135e251a641d8fa3ab0930593fbfda55,7a5b8a6b917774d20bf491f569ff9937ad0fb749e6d7d1ece544d514577f9a03
d2_E20,2,C2^2,"[1,1]",,nonzero; exact input: results/computed_examples/inputs/d2_E20.json,[],[],[],[],[],5e0426be0e3522fab8cd57a8d69f8a427fff2d4b78cd287454f13773228d5b39,d2a69d2dcb1ff8d126966427a63edcfb1170d94dacc2c7b0822fb610ed8bbf4f
d2_V4_wquat_s0,2,V4,"[0,0]",,nonzero; exact input: results/computed_examples/inputs/d2_V4_wquat_s0.json,[],[],[],[2],[2],bf09f426e0be30131bbc3be4d200f0b4aa674d5008760937d4cf3ae323b4d457,7912911d1487b52e3190118abe4b99cc8951d1bc964f2d114cc1cf08a0205f01
d2_E03,2,C2^3,"[1,1,1]",,nonzero; exact input: results/computed_examples/inputs/d2_E03.json,[],[],[],"[2,2,2]","[2,2,2]",c25a1933e84e6172e5519dcc217eeeeaf3bb429265c750ff824f36b4974a076b,1dfea5d1f5ce10b94ee38c30070f306a88d9f6e561dd9cfa51a04183bef084f4
d2_E12,2,C2^3,"[1,1,1]",,nonzero; exact input: results/computed_examples/inputs/d2_E12.json,[],[],[2],"[2,2,2]","[2,2,2,2]",d2ede8673635e5bfbac53526869f18288cca600f595075c45f6fd3adf1e8dde3,2cac3a67cbe69546e89381fbf20c91ed2d68c6512bfbdc22f8b7ec8ab7664c32
d2_E21,2,C2^3,"[1,1,1]",,nonzero; exact input: results/computed_examples/inputs/d2_E21.json,[],[],[],"[2,2,2,2]","[2,2,2,2]",c0fe09afd8008172ef08eab6d7ef62e413c7e9efcd1b857a0c5ff20b018efc69,0cc1a2b9b12fd2686b7b5b469c474e80ebe09481d7914a0662778bd00b560db2
d2_E30,2,C2^3,"[1,1,1]",,nonzero; exact input: results/computed_examples/inputs/d2_E30.json,[],[],[],"[2,2,2]","[2,2,2]",91ef224c15249db781f32354214d759e901f4f7c26d3d4f9c5ac3b00881297a3,e21be007fd5ea35ac4022603f3ef084fbee8ad277e4bbfec1583355f7bbb78bb
d2_E04,2,C2^4,"[1,1,1,1]",,nonzero; exact input: results/computed_examples/inputs/d2_E04.json,[],[],[],"[2,2,2,2,2,2,2,2,2]","[2,2,2,2,2,2,2,2,2]",202a5b6e833b9f75fe3084a2bdf45ccaee2ac6f15cfb7d100d8df9c72994ec9a,ba5688af01965389191f9d0995b5284394f51dba37cd0270d37b7da39d337525
d2_E13,2,C2^4,"[1,1,1,1]",,nonzero; exact input: results/computed_examples/inputs/d2_E13.json,[],[],[],"[2,2,2,2,2,2,2,2,2]","[2,2,2,2,2,2,2,2,2]",e12ff50d08236039588ff115e312f9f433a869e21a2c7622117f05e365fc0d7d,b7a4407976cc8ae0562f8b5770068102514617891301ead682e5c6aa9669c0fa
d2_E22,2,C2^4,"[1,1,1,1]",,nonzero; exact input: results/computed_examples/inputs/d2_E22.json,[],[],[2],"[2,2,2,2,2,2,2,2,2]","[2,2,2,2,2,2,2,2,4]",096bb6c09aa8c8c435e9875d3d9db642fca3f9e8f2df129382372d44c82fb165,b3e940ee576f1d17218588b75a9c29e8eff0cc62efde40b5580d9e9762b2eabf
d2_E31,2,C2^4,"[1,1,1,1]",,nonzero; exact input: results/computed_examples/inputs/d2_E31.json,[],[],[],"[2,2,2,2,2,2,2,2,2]","[2,2,2,2,2,2,2,2,2]",212761e41ef86410efeaf16d756590e8828cebda14bb768c9294f7d5cdcc5789,3ca41d92d9cc443c4a61c049af402d03f4c7a2928d9e8f1231024444b157f104
