model_id,pip,majorana,complex_fermion,bosonic,full_group
A4_w0_s0,[],[],[],[],[]
A4_wbinary_s0,[],[],[],[],[]
C2_w1_s0,[],[],[],[],[]
C2_w1_s1,[2],[2],[2],[2],[16]
C3_w0_s0,[],[],[],[],[]
D16_wref2_srot,[2],"[2, 2]","[2, 2]","[2, 2]","[2, 4, 16]"
D8_wref2_s0,[],[2],[],[2],"[2, 2]"
D8_wrot2_s0,[],[],[],[2],[2]
Q16_wref2_srot,[],"[2, 2]",[],[2],"[2, 4]"
Q8_w0_s0,[],[],[2],[],[2]
Q8_w0_sx,[],[2],[],[],[2]
Q8_w0_sx_plus_y,[],[2],[],[],[2]
Q8_w0_sy,[],[2],[],[],[2]
SL23_w0_s0,[],[],[2],[],[2]
V4_wquat_s0,[],[],[],[],[]
V4_wquat_sx,[],[2],[],"[2, 2]","[2, 2, 2]"
